X,Y,Z,dx,dy,dz,Au_gpt,Cu_pct,density,LITO
620005,7780005,402.5,10,10,5,0.035,0.010,2.594,OXIDE
620015,7780005,402.5,10,10,5,0.038,0.041,2.532,OXIDE
620025,7780005,402.5,10,10,5,0.137,0.010,2.547,OXIDE
620035,7780005,402.5,10,10,5,0.086,0.015,2.532,OXIDE
620045,7780005,402.5,10,10,5,0.054,0.020,2.610,OXIDE
620055,7780005,402.5,10,10,5,0.036,0.020,2.514,OXIDE
620065,7780005,402.5,10,10,5,0.181,0.021,2.586,OXIDE
620075,7780005,402.5,10,10,5,0.222,0.020,2.521,OXIDE
620085,7780005,402.5,10,10,5,0.139,0.025,2.587,OXIDE
620095,7780005,402.5,10,10,5,0.138,0.034,2.634,OXIDE
620105,7780005,402.5,10,10,5,0.136,0.042,2.618,OXIDE
620115,7780005,402.5,10,10,5,-9999,0.023,2.496,OXIDE
620125,7780005,402.5,10,10,5,0.277,0.016,2.588,OXIDE
620135,7780005,402.5,10,10,5,0.093,0.028,2.493,OXIDE
620145,7780005,402.5,10,10,5,0.045,0.009,2.546,OXIDE
620155,7780005,402.5,10,10,5,0.043,0.031,2.574,OXIDE
620165,7780005,402.5,10,10,5,0.033,0.009,2.642,OXIDE
620175,7780005,402.5,10,10,5,0.070,0.025,2.573,OXIDE
620185,7780005,402.5,10,10,5,0.036,0.028,2.539,OXIDE
620195,7780005,402.5,10,10,5,0.056,0.014,2.632,OXIDE
620005,7780015,402.5,10,10,5,0.037,0.115,2.598,OXIDE
620015,7780015,402.5,10,10,5,0.060,0.024,2.587,OXIDE
620025,7780015,402.5,10,10,5,0.050,0.021,2.603,OXIDE
620035,7780015,402.5,10,10,5,0.114,0.031,2.569,OXIDE
620045,7780015,402.5,10,10,5,0.135,0.009,2.537,OXIDE
620055,7780015,402.5,10,10,5,0.061,0.025,2.469,OXIDE
620065,7780015,402.5,10,10,5,0.084,0.017,2.567,OXIDE
620075,7780015,402.5,10,10,5,0.113,0.055,2.429,OXIDE
620085,7780015,402.5,10,10,5,0.110,0.021,2.576,OXIDE
620095,7780015,402.5,10,10,5,0.373,0.032,2.547,OXIDE
620105,7780015,402.5,10,10,5,0.102,0.023,2.545,OXIDE
620115,7780015,402.5,10,10,5,-9999,0.029,2.640,OXIDE
620125,7780015,402.5,10,10,5,0.174,0.020,2.512,OXIDE
620135,7780015,402.5,10,10,5,0.093,0.041,2.467,OXIDE
620145,7780015,402.5,10,10,5,0.179,0.015,2.485,OXIDE
620155,7780015,402.5,10,10,5,0.028,0.013,2.524,OXIDE
620165,7780015,402.5,10,10,5,0.031,0.014,2.633,OXIDE
620175,7780015,402.5,10,10,5,0.078,0.012,2.621,OXIDE
620185,7780015,402.5,10,10,5,0.072,0.019,2.585,OXIDE
620195,7780015,402.5,10,10,5,0.092,0.021,2.480,OXIDE
620005,7780025,402.5,10,10,5,0.077,0.028,2.469,OXIDE
620015,7780025,402.5,10,10,5,0.076,0.034,2.409,OXIDE
620025,7780025,402.5,10,10,5,0.095,0.022,2.534,OXIDE
620035,7780025,402.5,10,10,5,0.064,0.017,2.563,OXIDE
620045,7780025,402.5,10,10,5,0.069,0.027,2.495,OXIDE
620055,7780025,402.5,10,10,5,0.321,0.055,2.517,OXIDE
620065,7780025,402.5,10,10,5,0.174,0.024,2.513,OXIDE
620075,7780025,402.5,10,10,5,0.174,0.027,2.532,OXIDE
620085,7780025,402.5,10,10,5,0.389,0.014,2.544,OXIDE
620095,7780025,402.5,10,10,5,0.114,0.022,2.659,OXIDE
620105,7780025,402.5,10,10,5,0.472,0.048,2.527,OXIDE
620115,7780025,402.5,10,10,5,0.182,0.023,2.553,OXIDE
620125,7780025,402.5,10,10,5,0.223,0.027,2.563,OXIDE
620135,7780025,402.5,10,10,5,0.113,0.022,2.571,OXIDE
620145,7780025,402.5,10,10,5,0.065,0.030,2.572,OXIDE
620155,7780025,402.5,10,10,5,0.101,0.019,2.564,OXIDE
620165,7780025,402.5,10,10,5,0.085,0.021,2.459,OXIDE
620175,7780025,402.5,10,10,5,0.096,0.012,2.600,OXIDE
620185,7780025,402.5,10,10,5,0.079,0.022,2.509,OXIDE
620195,7780025,402.5,10,10,5,0.137,0.023,2.479,OXIDE
620005,7780035,402.5,10,10,5,-9999,0.019,2.560,OXIDE
620015,7780035,402.5,10,10,5,0.085,0.018,2.508,OXIDE
620025,7780035,402.5,10,10,5,0.078,0.028,2.585,OXIDE
620035,7780035,402.5,10,10,5,0.111,0.018,2.472,OXIDE
620045,7780035,402.5,10,10,5,0.152,0.030,2.583,OXIDE
620055,7780035,402.5,10,10,5,0.332,0.035,2.505,OXIDE
620065,7780035,402.5,10,10,5,0.202,0.024,2.572,OXIDE
620075,7780035,402.5,10,10,5,0.306,0.028,2.655,OXIDE
620085,7780035,402.5,10,10,5,0.205,0.040,2.521,OXIDE
620095,7780035,402.5,10,10,5,0.173,0.045,2.559,OXIDE
620105,7780035,402.5,10,10,5,0.237,0.014,2.507,OXIDE
620115,7780035,402.5,10,10,5,0.308,0.009,2.523,OXIDE
620125,7780035,402.5,10,10,5,0.228,0.031,2.549,OXIDE
620135,7780035,402.5,10,10,5,0.218,0.112,2.490,OXIDE
620145,7780035,402.5,10,10,5,0.201,0.017,2.602,OXIDE
620155,7780035,402.5,10,10,5,0.233,0.040,2.474,OXIDE
620165,7780035,402.5,10,10,5,0.338,0.041,2.663,OXIDE
620175,7780035,402.5,10,10,5,0.061,0.046,2.516,OXIDE
620185,7780035,402.5,10,10,5,0.067,0.016,2.554,OXIDE
620195,7780035,402.5,10,10,5,0.050,0.009,2.542,OXIDE
620005,7780045,402.5,10,10,5,0.061,0.024,2.475,OXIDE
620015,7780045,402.5,10,10,5,0.142,0.011,2.569,OXIDE
620025,7780045,402.5,10,10,5,0.191,0.008,2.547,OXIDE
620035,7780045,402.5,10,10,5,-9999,0.035,2.608,OXIDE
620045,7780045,402.5,10,10,5,0.314,0.042,2.548,OXIDE
620055,7780045,402.5,10,10,5,0.378,0.047,2.626,OXIDE
620065,7780045,402.5,10,10,5,0.376,0.026,2.602,OXIDE
620075,7780045,402.5,10,10,5,0.254,0.034,2.565,OXIDE
620085,7780045,402.5,10,10,5,0.412,0.077,2.646,OXIDE
620095,7780045,402.5,10,10,5,0.469,0.023,2.685,OXIDE
620105,7780045,402.5,10,10,5,0.223,0.052,2.639,OXIDE
620115,7780045,402.5,10,10,5,0.423,0.043,2.491,OXIDE
620125,7780045,402.5,10,10,5,0.464,0.013,2.623,OXIDE
620135,7780045,402.5,10,10,5,0.733,0.039,2.632,OXIDE
620145,7780045,402.5,10,10,5,0.289,0.021,2.573,OXIDE
620155,7780045,402.5,10,10,5,0.235,0.021,2.589,OXIDE
620165,7780045,402.5,10,10,5,0.158,0.026,2.490,OXIDE
620175,7780045,402.5,10,10,5,0.263,0.011,2.677,OXIDE
620185,7780045,402.5,10,10,5,0.062,0.022,2.521,OXIDE
620195,7780045,402.5,10,10,5,0.143,0.018,2.582,OXIDE
620005,7780055,402.5,10,10,5,0.119,0.024,2.517,OXIDE
620015,7780055,402.5,10,10,5,0.142,0.014,2.514,OXIDE
620025,7780055,402.5,10,10,5,0.205,0.015,2.642,OXIDE
620035,7780055,402.5,10,10,5,0.224,0.043,2.612,OXIDE
620045,7780055,402.5,10,10,5,0.149,0.021,2.548,OXIDE
620055,7780055,402.5,10,10,5,0.164,0.125,2.657,OXIDE
620065,7780055,402.5,10,10,5,0.915,0.022,2.676,OXIDE
620075,7780055,402.5,10,10,5,0.587,0.029,2.509,OXIDE
620085,7780055,402.5,10,10,5,1.072,0.035,2.586,BIF
620095,7780055,402.5,10,10,5,0.553,0.041,2.604,OXIDE
620105,7780055,402.5,10,10,5,0.986,0.068,2.548,OXIDE
620115,7780055,402.5,10,10,5,0.497,0.064,2.579,OXIDE
620125,7780055,402.5,10,10,5,0.181,0.034,2.714,OXIDE
620135,7780055,402.5,10,10,5,0.447,0.023,2.512,OXIDE
620145,7780055,402.5,10,10,5,0.576,0.017,2.494,OXIDE
620155,7780055,402.5,10,10,5,0.335,0.022,2.702,OXIDE
620165,7780055,402.5,10,10,5,0.249,0.020,2.541,OXIDE
620175,7780055,402.5,10,10,5,0.128,0.024,2.505,OXIDE
620185,7780055,402.5,10,10,5,0.169,0.018,2.517,OXIDE
620195,7780055,402.5,10,10,5,0.065,0.014,2.554,OXIDE
620005,7780065,402.5,10,10,5,0.160,0.011,2.530,OXIDE
620015,7780065,402.5,10,10,5,0.193,0.026,2.652,OXIDE
620025,7780065,402.5,10,10,5,0.234,0.050,2.546,OXIDE
620035,7780065,402.5,10,10,5,0.271,0.052,2.582,OXIDE
620045,7780065,402.5,10,10,5,0.488,0.025,2.539,OXIDE
620055,7780065,402.5,10,10,5,0.729,0.038,2.632,OXIDE
620065,7780065,402.5,10,10,5,1.110,0.043,2.654,BIF
620075,7780065,402.5,10,10,5,1.363,0.092,2.637,BIF
620085,7780065,402.5,10,10,5,0.688,0.057,2.670,OXIDE
620095,7780065,402.5,10,10,5,0.889,0.034,2.675,OXIDE
620105,7780065,402.5,10,10,5,1.034,0.119,2.618,BIF
620115,7780065,402.5,10,10,5,0.957,0.063,2.561,OXIDE
620125,7780065,402.5,10,10,5,0.284,0.036,2.667,OXIDE
620135,7780065,402.5,10,10,5,0.885,0.121,2.575,OXIDE
620145,7780065,402.5,10,10,5,0.429,0.032,2.561,OXIDE
620155,7780065,402.5,10,10,5,0.385,0.106,2.603,OXIDE
620165,7780065,402.5,10,10,5,0.189,0.049,2.527,OXIDE
620175,7780065,402.5,10,10,5,0.259,0.021,2.566,OXIDE
620185,7780065,402.5,10,10,5,0.104,0.015,2.502,OXIDE
620195,7780065,402.5,10,10,5,0.080,0.010,2.506,OXIDE
620005,7780075,402.5,10,10,5,0.134,0.024,2.570,OXIDE
620015,7780075,402.5,10,10,5,0.159,0.024,2.630,OXIDE
620025,7780075,402.5,10,10,5,0.548,0.022,2.626,OXIDE
620035,7780075,402.5,10,10,5,0.319,0.023,2.536,OXIDE
620045,7780075,402.5,10,10,5,0.758,0.068,2.560,OXIDE
620055,7780075,402.5,10,10,5,1.246,0.051,2.598,BIF
620065,7780075,402.5,10,10,5,0.717,0.058,2.672,OXIDE
620075,7780075,402.5,10,10,5,0.860,0.124,2.622,OXIDE
620085,7780075,402.5,10,10,5,0.856,0.066,2.652,OXIDE
620095,7780075,402.5,10,10,5,0.876,0.070,2.738,OXIDE
620105,7780075,402.5,10,10,5,0.974,0.074,2.630,OXIDE
620115,7780075,402.5,10,10,5,1.722,0.071,2.602,BIF
620125,7780075,402.5,10,10,5,0.470,0.209,2.614,OXIDE
620135,7780075,402.5,10,10,5,0.746,0.099,2.642,OXIDE
620145,7780075,402.5,10,10,5,1.158,0.084,2.503,BIF
620155,7780075,402.5,10,10,5,0.220,0.039,2.575,OXIDE
620165,7780075,402.5,10,10,5,0.197,0.054,2.598,OXIDE
620175,7780075,402.5,10,10,5,0.125,0.035,2.581,OXIDE
620185,7780075,402.5,10,10,5,0.145,0.049,2.552,OXIDE
620195,7780075,402.5,10,10,5,0.093,0.021,2.542,OXIDE
620005,7780085,402.5,10,10,5,0.223,0.029,2.514,OXIDE
620015,7780085,402.5,10,10,5,0.091,0.023,2.542,OXIDE
620025,7780085,402.5,10,10,5,0.667,0.037,2.614,OXIDE
620035,7780085,402.5,10,10,5,0.927,0.044,2.658,OXIDE
620045,7780085,402.5,10,10,5,0.845,0.080,2.522,OXIDE
620055,7780085,402.5,10,10,5,0.711,0.090,2.621,OXIDE
620065,7780085,402.5,10,10,5,0.952,0.249,2.633,OXIDE
620075,7780085,402.5,10,10,5,0.620,0.081,2.674,OXIDE
620085,7780085,402.5,10,10,5,1.309,0.152,2.611,BIF
620095,7780085,402.5,10,10,5,0.436,0.140,2.645,OXIDE
620105,7780085,402.5,10,10,5,0.825,0.074,2.691,OXIDE
620115,7780085,402.5,10,10,5,1.513,0.130,2.629,BIF
620125,7780085,402.5,10,10,5,2.332,0.174,2.665,BIF
620135,7780085,402.5,10,10,5,0.496,0.048,2.614,OXIDE
620145,7780085,402.5,10,10,5,1.104,0.116,2.520,BIF
620155,7780085,402.5,10,10,5,0.392,0.036,2.667,OXIDE
620165,7780085,402.5,10,10,5,0.378,0.076,2.508,OXIDE
620175,7780085,402.5,10,10,5,0.306,0.038,2.572,OXIDE
620185,7780085,402.5,10,10,5,0.221,0.022,2.601,OXIDE
620195,7780085,402.5,10,10,5,0.236,0.018,2.574,OXIDE
620005,7780095,402.5,10,10,5,0.271,0.012,2.569,OXIDE
620015,7780095,402.5,10,10,5,0.420,0.031,2.667,OXIDE
620025,7780095,402.5,10,10,5,0.517,0.035,2.634,OXIDE
620035,7780095,402.5,10,10,5,0.429,0.069,2.543,OXIDE
620045,7780095,402.5,10,10,5,1.200,0.073,2.592,BIF
620055,7780095,402.5,10,10,5,0.357,0.065,2.724,OXIDE
620065,7780095,402.5,10,10,5,1.983,0.263,2.640,BIF
620075,7780095,402.5,10,10,5,2.667,0.116,2.661,BIF
620085,7780095,402.5,10,10,5,2.284,0.148,2.682,BIF
620095,7780095,402.5,10,10,5,1.698,0.116,2.630,BIF
620105,7780095,402.5,10,10,5,2.197,0.389,2.649,BIF
620115,7780095,402.5,10,10,5,0.942,0.103,2.728,OXIDE
620125,7780095,402.5,10,10,5,2.179,0.158,2.672,BIF
620135,7780095,402.5,10,10,5,1.663,0.125,2.722,BIF
620145,7780095,402.5,10,10,5,0.828,0.065,2.593,OXIDE
620155,7780095,402.5,10,10,5,0.322,0.047,2.575,OXIDE
620165,7780095,402.5,10,10,5,0.556,0.031,2.526,OXIDE
620175,7780095,402.5,10,10,5,0.234,0.036,2.560,OXIDE
620185,7780095,402.5,10,10,5,0.181,0.023,2.667,OXIDE
620195,7780095,402.5,10,10,5,0.086,0.012,2.517,OXIDE
620005,7780105,402.5,10,10,5,0.194,0.039,2.504,OXIDE
620015,7780105,402.5,10,10,5,-9999,0.012,2.557,OXIDE
620025,7780105,402.5,10,10,5,0.234,0.033,2.571,OXIDE
620035,7780105,402.5,10,10,5,0.484,0.083,2.542,OXIDE
620045,7780105,402.5,10,10,5,0.901,0.067,2.730,OXIDE
620055,7780105,402.5,10,10,5,0.492,0.089,2.604,OXIDE
620065,7780105,402.5,10,10,5,2.640,0.067,2.541,BIF
620075,7780105,402.5,10,10,5,0.731,0.249,2.767,OXIDE
620085,7780105,402.5,10,10,5,1.401,0.203,2.654,BIF
620095,7780105,402.5,10,10,5,1.100,0.072,2.777,BIF
620105,7780105,402.5,10,10,5,1.588,0.163,2.719,BIF
620115,7780105,402.5,10,10,5,1.795,0.498,2.789,BIF
620125,7780105,402.5,10,10,5,1.681,0.079,2.649,BIF
620135,7780105,402.5,10,10,5,1.794,0.071,2.635,BIF
620145,7780105,402.5,10,10,5,1.121,0.091,2.595,BIF
620155,7780105,402.5,10,10,5,1.282,0.029,2.536,BIF
620165,7780105,402.5,10,10,5,0.907,0.025,2.595,OXIDE
620175,7780105,402.5,10,10,5,0.097,0.056,2.566,OXIDE
620185,7780105,402.5,10,10,5,0.057,0.102,2.554,OXIDE
620195,7780105,402.5,10,10,5,0.072,0.014,2.515,OXIDE
620005,7780115,402.5,10,10,5,0.231,0.015,2.558,OXIDE
620015,7780115,402.5,10,10,5,0.249,0.024,2.651,OXIDE
620025,7780115,402.5,10,10,5,0.516,0.078,2.565,OXIDE
620035,7780115,402.5,10,10,5,0.654,0.081,2.620,OXIDE
620045,7780115,402.5,10,10,5,0.360,0.102,2.560,OXIDE
620055,7780115,402.5,10,10,5,2.712,0.198,2.732,BIF
620065,7780115,402.5,10,10,5,1.345,0.142,2.637,BIF
620075,7780115,402.5,10,10,5,1.068,0.070,2.654,BIF
620085,7780115,402.5,10,10,5,1.308,0.196,2.672,BIF
620095,7780115,402.5,10,10,5,1.818,0.198,2.605,BIF
620105,7780115,402.5,10,10,5,1.008,0.249,2.674,BIF
620115,7780115,402.5,10,10,5,1.166,0.303,2.632,BIF
620125,7780115,402.5,10,10,5,1.379,0.068,2.661,BIF
620135,7780115,402.5,10,10,5,1.565,0.256,2.626,BIF
620145,7780115,402.5,10,10,5,1.653,0.190,2.646,BIF
620155,7780115,402.5,10,10,5,0.530,0.045,2.645,OXIDE
620165,7780115,402.5,10,10,5,0.872,0.027,2.619,OXIDE
620175,7780115,402.5,10,10,5,0.424,0.045,2.589,OXIDE
620185,7780115,402.5,10,10,5,0.343,0.013,2.590,OXIDE
620195,7780115,402.5,10,10,5,0.114,0.017,2.649,OXIDE
620005,7780125,402.5,10,10,5,0.129,0.027,2.575,OXIDE
620015,7780125,402.5,10,10,5,0.365,0.017,2.667,OXIDE
620025,7780125,402.5,10,10,5,1.019,0.056,2.565,BIF
620035,7780125,402.5,10,10,5,1.841,0.101,2.599,BIF
620045,7780125,402.5,10,10,5,1.648,0.063,2.662,BIF
620055,7780125,402.5,10,10,5,1.680,0.094,2.606,BIF
620065,7780125,402.5,10,10,5,2.054,0.104,2.679,BIF
620075,7780125,402.5,10,10,5,2.273,0.137,2.670,BIF
620085,7780125,402.5,10,10,5,1.061,0.332,2.709,BIF
620095,7780125,402.5,10,10,5,2.145,0.151,2.681,BIF
620105,7780125,402.5,10,10,5,1.432,0.162,2.651,BIF
620115,7780125,402.5,10,10,5,2.237,0.131,2.692,BIF
620125,7780125,402.5,10,10,5,1.865,0.250,2.700,BIF
620135,7780125,402.5,10,10,5,1.404,0.085,2.709,BIF
620145,7780125,402.5,10,10,5,0.333,0.032,2.592,OXIDE
620155,7780125,402.5,10,10,5,1.107,0.082,2.663,BIF
620165,7780125,402.5,10,10,5,0.273,0.028,2.515,OXIDE
620175,7780125,402.5,10,10,5,0.396,0.028,2.502,OXIDE
620185,7780125,402.5,10,10,5,0.235,0.045,2.421,OXIDE
620195,7780125,402.5,10,10,5,0.152,0.009,2.529,OXIDE
620005,7780135,402.5,10,10,5,0.308,0.065,2.522,OXIDE
620015,7780135,402.5,10,10,5,0.240,0.026,2.530,OXIDE
620025,7780135,402.5,10,10,5,0.449,0.046,2.570,OXIDE
620035,7780135,402.5,10,10,5,0.610,0.073,2.665,OXIDE
620045,7780135,402.5,10,10,5,1.140,0.048,2.605,BIF
620055,7780135,402.5,10,10,5,1.022,0.092,2.626,BIF
620065,7780135,402.5,10,10,5,2.948,0.134,2.721,BIF
620075,7780135,402.5,10,10,5,1.331,0.360,2.743,BIF
620085,7780135,402.5,10,10,5,1.882,0.153,2.704,BIF
620095,7780135,402.5,10,10,5,1.561,0.129,2.757,BIF
620105,7780135,402.5,10,10,5,-9999,0.139,2.618,OXIDE
620115,7780135,402.5,10,10,5,1.090,0.266,2.624,BIF
620125,7780135,402.5,10,10,5,2.784,0.081,2.588,BIF
620135,7780135,402.5,10,10,5,1.307,0.040,2.607,BIF
620145,7780135,402.5,10,10,5,0.680,0.032,2.587,OXIDE
620155,7780135,402.5,10,10,5,0.542,0.052,2.564,OXIDE
620165,7780135,402.5,10,10,5,0.328,0.035,2.608,OXIDE
620175,7780135,402.5,10,10,5,0.432,0.035,2.561,OXIDE
620185,7780135,402.5,10,10,5,0.115,0.026,2.532,OXIDE
620195,7780135,402.5,10,10,5,0.161,0.035,2.600,OXIDE
620005,7780145,402.5,10,10,5,0.360,0.061,2.591,OXIDE
620015,7780145,402.5,10,10,5,0.364,0.029,2.582,OXIDE
620025,7780145,402.5,10,10,5,0.603,0.039,2.596,OXIDE
620035,7780145,402.5,10,10,5,0.517,0.037,2.654,OXIDE
620045,7780145,402.5,10,10,5,0.834,0.027,2.508,OXIDE
620055,7780145,402.5,10,10,5,0.389,0.151,2.592,OXIDE
620065,7780145,402.5,10,10,5,1.505,0.073,2.697,BIF
620075,7780145,402.5,10,10,5,1.508,0.195,2.626,BIF
620085,7780145,402.5,10,10,5,1.978,0.108,2.686,BIF
620095,7780145,402.5,10,10,5,0.928,0.138,2.656,OXIDE
620105,7780145,402.5,10,10,5,2.879,0.096,2.636,BIF
620115,7780145,402.5,10,10,5,0.723,0.148,2.646,OXIDE
620125,7780145,402.5,10,10,5,0.757,0.168,2.695,OXIDE
620135,7780145,402.5,10,10,5,1.235,0.229,2.584,BIF
620145,7780145,402.5,10,10,5,0.585,0.091,2.609,OXIDE
620155,7780145,402.5,10,10,5,0.412,0.080,2.666,OXIDE
620165,7780145,402.5,10,10,5,0.470,0.017,2.576,OXIDE
620175,7780145,402.5,10,10,5,0.552,0.026,2.475,OXIDE
620185,7780145,402.5,10,10,5,0.247,0.028,2.580,OXIDE
620195,7780145,402.5,10,10,5,0.117,0.016,2.569,OXIDE
620005,7780155,402.5,10,10,5,0.118,0.014,2.692,OXIDE
620015,7780155,402.5,10,10,5,0.275,0.067,2.565,OXIDE
620025,7780155,402.5,10,10,5,0.173,0.029,2.656,OXIDE
620035,7780155,402.5,10,10,5,0.343,0.035,2.618,OXIDE
620045,7780155,402.5,10,10,5,0.476,0.050,2.633,OXIDE
620055,7780155,402.5,10,10,5,0.902,0.121,2.660,OXIDE
620065,7780155,402.5,10,10,5,1.012,0.088,2.626,BIF
620075,7780155,402.5,10,10,5,1.815,0.264,2.687,BIF
620085,7780155,402.5,10,10,5,2.439,0.087,2.588,BIF
620095,7780155,402.5,10,10,5,1.428,0.052,2.599,BIF
620105,7780155,402.5,10,10,5,0.803,0.067,2.630,OXIDE
620115,7780155,402.5,10,10,5,1.801,0.088,2.603,BIF
620125,7780155,402.5,10,10,5,0.518,0.108,2.617,OXIDE
620135,7780155,402.5,10,10,5,0.305,0.181,2.567,OXIDE
620145,7780155,402.5,10,10,5,1.110,0.024,2.587,BIF
620155,7780155,402.5,10,10,5,0.364,0.067,2.531,OXIDE
620165,7780155,402.5,10,10,5,0.423,0.059,2.628,OXIDE
620175,7780155,402.5,10,10,5,0.061,0.023,2.536,OXIDE
620185,7780155,402.5,10,10,5,0.132,0.024,2.552,OXIDE
620195,7780155,402.5,10,10,5,0.167,0.019,2.668,OXIDE
620005,7780165,402.5,10,10,5,0.175,0.021,2.616,OXIDE
620015,7780165,402.5,10,10,5,0.335,0.024,2.593,OXIDE
620025,7780165,402.5,10,10,5,0.155,0.053,2.539,OXIDE
620035,7780165,402.5,10,10,5,0.216,0.068,2.605,OXIDE
620045,7780165,402.5,10,10,5,0.716,0.035,2.713,OXIDE
620055,7780165,402.5,10,10,5,0.833,0.059,2.588,OXIDE
620065,7780165,402.5,10,10,5,1.093,0.074,2.554,BIF
620075,7780165,402.5,10,10,5,0.778,0.055,2.614,OXIDE
620085,7780165,402.5,10,10,5,0.352,0.060,2.656,OXIDE
620095,7780165,402.5,10,10,5,0.596,0.044,2.649,OXIDE
620105,7780165,402.5,10,10,5,1.573,0.127,2.553,BIF
620115,7780165,402.5,10,10,5,1.106,0.055,2.551,BIF
620125,7780165,402.5,10,10,5,0.277,0.060,2.606,OXIDE
620135,7780165,402.5,10,10,5,0.870,0.065,2.589,OXIDE
620145,7780165,402.5,10,10,5,0.316,0.045,2.608,OXIDE
620155,7780165,402.5,10,10,5,0.665,0.019,2.619,OXIDE
620165,7780165,402.5,10,10,5,0.163,0.024,2.598,OXIDE
620175,7780165,402.5,10,10,5,0.129,0.025,2.640,OXIDE
620185,7780165,402.5,10,10,5,0.159,0.034,2.563,OXIDE
620195,7780165,402.5,10,10,5,0.073,0.011,2.605,OXIDE
620005,7780175,402.5,10,10,5,0.151,0.018,2.604,OXIDE
620015,7780175,402.5,10,10,5,0.153,0.044,2.580,OXIDE
620025,7780175,402.5,10,10,5,0.251,0.012,2.530,OXIDE
620035,7780175,402.5,10,10,5,0.351,0.035,2.572,OXIDE
620045,7780175,402.5,10,10,5,0.501,0.036,2.505,OXIDE
620055,7780175,402.5,10,10,5,0.175,0.028,2.668,OXIDE
620065,7780175,402.5,10,10,5,0.707,0.062,2.517,OXIDE
620075,7780175,402.5,10,10,5,0.747,0.129,2.560,OXIDE
620085,7780175,402.5,10,10,5,1.062,0.049,2.594,BIF
620095,7780175,402.5,10,10,5,1.194,0.109,2.616,BIF
620105,7780175,402.5,10,10,5,0.504,0.034,2.592,OXIDE
620115,7780175,402.5,10,10,5,0.552,0.043,2.611,OXIDE
620125,7780175,402.5,10,10,5,0.519,0.071,2.600,OXIDE
620135,7780175,402.5,10,10,5,0.592,0.033,2.602,OXIDE
620145,7780175,402.5,10,10,5,1.081,0.040,2.569,BIF
620155,7780175,402.5,10,10,5,0.128,0.021,2.592,OXIDE
620165,7780175,402.5,10,10,5,0.170,0.092,2.533,OXIDE
620175,7780175,402.5,10,10,5,0.195,0.018,2.570,OXIDE
620185,7780175,402.5,10,10,5,0.082,0.007,2.589,OXIDE
620195,7780175,402.5,10,10,5,0.051,0.039,2.563,OXIDE
620005,7780185,402.5,10,10,5,0.054,0.022,2.541,OXIDE
620015,7780185,402.5,10,10,5,0.145,0.009,2.523,OXIDE
620025,7780185,402.5,10,10,5,-9999,0.036,2.625,OXIDE
620035,7780185,402.5,10,10,5,0.247,0.018,2.633,OXIDE
620045,7780185,402.5,10,10,5,0.485,0.020,2.585,OXIDE
620055,7780185,402.5,10,10,5,0.233,0.056,2.682,OXIDE
620065,7780185,402.5,10,10,5,0.562,0.025,2.509,OXIDE
620075,7780185,402.5,10,10,5,0.285,0.058,2.669,OXIDE
620085,7780185,402.5,10,10,5,0.521,0.029,2.584,OXIDE
620095,7780185,402.5,10,10,5,0.351,0.025,2.599,OXIDE
620105,7780185,402.5,10,10,5,0.950,0.060,2.540,OXIDE
620115,7780185,402.5,10,10,5,0.477,0.084,2.473,OXIDE
620125,7780185,402.5,10,10,5,0.450,0.024,2.541,OXIDE
620135,7780185,402.5,10,10,5,0.411,0.020,2.576,OXIDE
620145,7780185,402.5,10,10,5,0.160,0.039,2.580,OXIDE
620155,7780185,402.5,10,10,5,0.174,0.028,2.573,OXIDE
620165,7780185,402.5,10,10,5,0.385,0.013,2.600,OXIDE
620175,7780185,402.5,10,10,5,0.102,0.017,2.613,OXIDE
620185,7780185,402.5,10,10,5,0.085,0.049,2.549,OXIDE
620195,7780185,402.5,10,10,5,0.055,0.028,2.500,OXIDE
620005,7780195,402.5,10,10,5,0.097,0.013,2.628,OXIDE
620015,7780195,402.5,10,10,5,0.183,0.009,2.578,OXIDE
620025,7780195,402.5,10,10,5,0.099,0.014,2.534,OXIDE
620035,7780195,402.5,10,10,5,0.037,0.013,2.508,OXIDE
620045,7780195,402.5,10,10,5,0.122,0.021,2.532,OXIDE
620055,7780195,402.5,10,10,5,0.217,0.016,2.513,OXIDE
620065,7780195,402.5,10,10,5,0.235,0.026,2.528,OXIDE
620075,7780195,402.5,10,10,5,0.312,0.036,2.505,OXIDE
620085,7780195,402.5,10,10,5,0.150,0.044,2.593,OXIDE
620095,7780195,402.5,10,10,5,0.439,0.033,2.567,OXIDE
620105,7780195,402.5,10,10,5,0.368,0.033,2.630,OXIDE
620115,7780195,402.5,10,10,5,0.285,0.015,2.609,OXIDE
620125,7780195,402.5,10,10,5,0.311,0.036,2.558,OXIDE
620135,7780195,402.5,10,10,5,0.663,0.027,2.573,OXIDE
620145,7780195,402.5,10,10,5,0.208,0.035,2.574,OXIDE
620155,7780195,402.5,10,10,5,0.193,0.019,2.620,OXIDE
620165,7780195,402.5,10,10,5,0.201,0.023,2.610,OXIDE
620175,7780195,402.5,10,10,5,-9999,0.044,2.537,OXIDE
620185,7780195,402.5,10,10,5,0.061,0.015,2.605,OXIDE
620195,7780195,402.5,10,10,5,0.041,0.009,2.512,OXIDE
620005,7780005,407.5,10,10,5,0.029,0.038,2.483,OXIDE
620015,7780005,407.5,10,10,5,-9999,0.030,2.556,OXIDE
620025,7780005,407.5,10,10,5,0.054,0.015,2.521,OXIDE
620035,7780005,407.5,10,10,5,0.054,0.016,2.518,OXIDE
620045,7780005,407.5,10,10,5,0.040,0.015,2.502,OXIDE
620055,7780005,407.5,10,10,5,0.181,0.009,2.527,OXIDE
620065,7780005,407.5,10,10,5,-9999,0.022,2.507,OXIDE
620075,7780005,407.5,10,10,5,0.118,0.018,2.490,OXIDE
620085,7780005,407.5,10,10,5,0.092,0.042,2.592,OXIDE
620095,7780005,407.5,10,10,5,0.209,0.045,2.509,OXIDE
620105,7780005,407.5,10,10,5,0.180,0.019,2.507,OXIDE
620115,7780005,407.5,10,10,5,0.133,0.034,2.638,OXIDE
620125,7780005,407.5,10,10,5,0.062,0.045,2.707,OXIDE
620135,7780005,407.5,10,10,5,0.185,0.031,2.487,OXIDE
620145,7780005,407.5,10,10,5,0.142,0.022,2.527,OXIDE
620155,7780005,407.5,10,10,5,0.087,0.024,2.540,OXIDE
620165,7780005,407.5,10,10,5,0.128,0.012,2.627,OXIDE
620175,7780005,407.5,10,10,5,0.054,0.025,2.456,OXIDE
620185,7780005,407.5,10,10,5,0.037,0.007,2.514,OXIDE
620195,7780005,407.5,10,10,5,0.018,0.033,2.585,OXIDE
620005,7780015,407.5,10,10,5,0.164,0.012,2.515,OXIDE
620015,7780015,407.5,10,10,5,0.149,0.036,2.518,OXIDE
620025,7780015,407.5,10,10,5,0.146,0.036,2.533,OXIDE
620035,7780015,407.5,10,10,5,0.107,0.015,2.570,OXIDE
620045,7780015,407.5,10,10,5,0.053,0.006,2.531,OXIDE
620055,7780015,407.5,10,10,5,0.079,0.021,2.484,OXIDE
620065,7780015,407.5,10,10,5,0.150,0.011,2.609,OXIDE
620075,7780015,407.5,10,10,5,0.240,0.032,2.507,OXIDE
620085,7780015,407.5,10,10,5,0.169,0.017,2.590,OXIDE
620095,7780015,407.5,10,10,5,0.236,0.040,2.509,OXIDE
620105,7780015,407.5,10,10,5,0.342,0.054,2.508,OXIDE
620115,7780015,407.5,10,10,5,0.203,0.017,2.588,OXIDE
620125,7780015,407.5,10,10,5,0.165,0.029,2.549,OXIDE
620135,7780015,407.5,10,10,5,0.215,0.060,2.554,OXIDE
620145,7780015,407.5,10,10,5,0.192,0.022,2.601,OXIDE
620155,7780015,407.5,10,10,5,0.092,0.036,2.458,OXIDE
620165,7780015,407.5,10,10,5,0.139,0.015,2.472,OXIDE
620175,7780015,407.5,10,10,5,0.067,0.029,2.512,OXIDE
620185,7780015,407.5,10,10,5,0.079,0.014,2.597,OXIDE
620195,7780015,407.5,10,10,5,0.041,0.010,2.637,OXIDE
620005,7780025,407.5,10,10,5,0.086,0.021,2.517,OXIDE
620015,7780025,407.5,10,10,5,0.046,0.017,2.509,OXIDE
620025,7780025,407.5,10,10,5,0.202,0.010,2.549,OXIDE
620035,7780025,407.5,10,10,5,0.296,0.010,2.556,OXIDE
620045,7780025,407.5,10,10,5,0.295,0.017,2.577,OXIDE
620055,7780025,407.5,10,10,5,0.298,0.020,2.615,OXIDE
620065,7780025,407.5,10,10,5,0.251,0.016,2.506,OXIDE
620075,7780025,407.5,10,10,5,0.325,0.049,2.519,OXIDE
620085,7780025,407.5,10,10,5,0.469,0.033,2.512,OXIDE
620095,7780025,407.5,10,10,5,0.739,0.025,2.583,OXIDE
620105,7780025,407.5,10,10,5,0.367,0.043,2.541,OXIDE
620115,7780025,407.5,10,10,5,0.275,0.049,2.611,OXIDE
620125,7780025,407.5,10,10,5,0.355,0.029,2.459,OXIDE
620135,7780025,407.5,10,10,5,0.363,0.014,2.526,OXIDE
620145,7780025,407.5,10,10,5,0.100,0.019,2.487,OXIDE
620155,7780025,407.5,10,10,5,0.278,0.039,2.543,OXIDE
620165,7780025,407.5,10,10,5,0.232,0.025,2.464,OXIDE
620175,7780025,407.5,10,10,5,0.155,0.025,2.545,OXIDE
620185,7780025,407.5,10,10,5,0.070,0.009,2.477,OXIDE
620195,7780025,407.5,10,10,5,0.036,0.014,2.561,OXIDE
620005,7780035,407.5,10,10,5,0.217,0.022,2.580,OXIDE
620015,7780035,407.5,10,10,5,0.172,0.041,2.549,OXIDE
620025,7780035,407.5,10,10,5,0.245,0.019,2.485,OXIDE
620035,7780035,407.5,10,10,5,0.302,0.033,2.553,OXIDE
620045,7780035,407.5,10,10,5,0.330,0.024,2.546,OXIDE
620055,7780035,407.5,10,10,5,-9999,0.048,2.539,OXIDE
620065,7780035,407.5,10,10,5,0.482,0.030,2.590,OXIDE
620075,7780035,407.5,10,10,5,0.476,0.062,2.589,OXIDE
620085,7780035,407.5,10,10,5,0.524,0.040,2.617,OXIDE
620095,7780035,407.5,10,10,5,1.633,0.049,2.496,BIF
620105,7780035,407.5,10,10,5,0.324,0.127,2.561,OXIDE
620115,7780035,407.5,10,10,5,0.661,0.053,2.629,OXIDE
620125,7780035,407.5,10,10,5,0.611,0.024,2.554,OXIDE
620135,7780035,407.5,10,10,5,0.466,0.082,2.591,OXIDE
620145,7780035,407.5,10,10,5,0.567,0.022,2.590,OXIDE
620155,7780035,407.5,10,10,5,0.146,0.046,2.554,OXIDE
620165,7780035,407.5,10,10,5,0.180,0.024,2.528,OXIDE
620175,7780035,407.5,10,10,5,0.202,0.005,2.561,OXIDE
620185,7780035,407.5,10,10,5,0.090,0.047,2.524,OXIDE
620195,7780035,407.5,10,10,5,0.078,0.045,2.603,OXIDE
620005,7780045,407.5,10,10,5,0.561,0.032,2.546,OXIDE
620015,7780045,407.5,10,10,5,-9999,0.024,2.671,OXIDE
620025,7780045,407.5,10,10,5,0.260,0.019,2.542,OXIDE
620035,7780045,407.5,10,10,5,0.123,0.017,2.520,OXIDE
620045,7780045,407.5,10,10,5,0.459,0.039,2.652,OXIDE
620055,7780045,407.5,10,10,5,0.918,0.016,2.584,OXIDE
620065,7780045,407.5,10,10,5,1.443,0.085,2.608,BIF
620075,7780045,407.5,10,10,5,1.527,0.103,2.656,BIF
620085,7780045,407.5,10,10,5,1.032,0.146,2.575,BIF
620095,7780045,407.5,10,10,5,0.956,0.082,2.627,OXIDE
620105,7780045,407.5,10,10,5,1.712,0.057,2.547,BIF
620115,7780045,407.5,10,10,5,1.090,0.050,2.570,BIF
620125,7780045,407.5,10,10,5,1.258,0.104,2.618,BIF
620135,7780045,407.5,10,10,5,0.347,0.148,2.661,OXIDE
620145,7780045,407.5,10,10,5,0.531,0.045,2.665,OXIDE
620155,7780045,407.5,10,10,5,0.487,0.024,2.604,OXIDE
620165,7780045,407.5,10,10,5,0.103,0.019,2.575,OXIDE
620175,7780045,407.5,10,10,5,0.220,0.025,2.534,OXIDE
620185,7780045,407.5,10,10,5,0.131,0.011,2.532,OXIDE
620195,7780045,407.5,10,10,5,0.057,0.018,2.546,OXIDE
620005,7780055,407.5,10,10,5,0.183,0.044,2.596,OXIDE
620015,7780055,407.5,10,10,5,0.463,0.022,2.519,OXIDE
620025,7780055,407.5,10,10,5,0.467,0.018,2.583,OXIDE
620035,7780055,407.5,10,10,5,0.431,0.044,2.588,OXIDE
620045,7780055,407.5,10,10,5,1.071,0.060,2.628,BIF
620055,7780055,407.5,10,10,5,0.896,0.073,2.496,OXIDE
620065,7780055,407.5,10,10,5,0.950,0.105,2.672,OXIDE
620075,7780055,407.5,10,10,5,2.339,0.123,2.643,BIF
620085,7780055,407.5,10,10,5,2.761,0.112,2.583,BIF
620095,7780055,407.5,10,10,5,1.845,0.069,2.651,BIF
620105,7780055,407.5,10,10,5,0.925,0.201,2.640,OXIDE
620115,7780055,407.5,10,10,5,1.112,0.075,2.619,BIF
620125,7780055,407.5,10,10,5,0.421,0.121,2.719,OXIDE
620135,7780055,407.5,10,10,5,0.735,0.156,2.630,OXIDE
620145,7780055,407.5,10,10,5,0.390,0.068,2.596,OXIDE
620155,7780055,407.5,10,10,5,0.380,0.069,2.597,OXIDE
620165,7780055,407.5,10,10,5,0.247,0.039,2.569,OXIDE
620175,7780055,407.5,10,10,5,0.306,0.022,2.570,OXIDE
620185,7780055,407.5,10,10,5,0.095,0.041,2.521,OXIDE
620195,7780055,407.5,10,10,5,0.105,0.018,2.604,OXIDE
620005,7780065,407.5,10,10,5,0.082,0.038,2.578,OXIDE
620015,7780065,407.5,10,10,5,0.283,0.019,2.571,OXIDE
620025,7780065,407.5,10,10,5,0.624,0.030,2.567,OXIDE
620035,7780065,407.5,10,10,5,0.885,0.039,2.627,OXIDE
620045,7780065,407.5,10,10,5,0.502,0.029,2.616,OXIDE
620055,7780065,407.5,10,10,5,0.743,0.121,2.658,OXIDE
620065,7780065,407.5,10,10,5,1.615,0.104,2.660,BIF
620075,7780065,407.5,10,10,5,1.410,0.198,2.612,BIF
620085,7780065,407.5,10,10,5,1.458,0.294,2.750,BIF
620095,7780065,407.5,10,10,5,1.127,0.509,2.719,BIF
620105,7780065,407.5,10,10,5,0.989,0.070,2.756,OXIDE
620115,7780065,407.5,10,10,5,1.009,0.394,2.655,BIF
620125,7780065,407.5,10,10,5,1.962,0.160,2.623,BIF
620135,7780065,407.5,10,10,5,1.202,0.084,2.631,BIF
620145,7780065,407.5,10,10,5,0.580,0.058,2.582,OXIDE
620155,7780065,407.5,10,10,5,0.557,0.023,2.576,OXIDE
620165,7780065,407.5,10,10,5,0.283,0.036,2.605,OXIDE
620175,7780065,407.5,10,10,5,0.304,0.023,2.622,OXIDE
620185,7780065,407.5,10,10,5,0.291,0.027,2.620,OXIDE
620195,7780065,407.5,10,10,5,0.157,0.029,2.565,OXIDE
620005,7780075,407.5,10,10,5,0.384,0.051,2.536,OXIDE
620015,7780075,407.5,10,10,5,0.533,0.009,2.570,OXIDE
620025,7780075,407.5,10,10,5,0.646,0.013,2.529,OXIDE
620035,7780075,407.5,10,10,5,0.578,0.189,2.602,OXIDE
620045,7780075,407.5,10,10,5,0.751,0.043,2.670,OXIDE
620055,7780075,407.5,10,10,5,2.237,0.087,2.703,BIF
620065,7780075,407.5,10,10,5,2.368,0.244,2.684,BIF
620075,7780075,407.5,10,10,5,1.531,0.305,2.741,BIF
620085,7780075,407.5,10,10,5,3.561,0.434,2.703,BIF
620095,7780075,407.5,10,10,5,3.802,0.205,2.766,BIF
620105,7780075,407.5,10,10,5,1.769,0.292,2.790,BIF
620115,7780075,407.5,10,10,5,0.934,0.321,2.819,OXIDE
620125,7780075,407.5,10,10,5,0.797,0.311,2.722,OXIDE
620135,7780075,407.5,10,10,5,1.403,0.301,2.577,BIF
620145,7780075,407.5,10,10,5,1.528,0.063,2.645,BIF
620155,7780075,407.5,10,10,5,0.840,0.124,2.540,OXIDE
620165,7780075,407.5,10,10,5,0.541,0.026,2.570,OXIDE
620175,7780075,407.5,10,10,5,0.519,0.046,2.560,OXIDE
620185,7780075,407.5,10,10,5,0.196,0.016,2.542,OXIDE
620195,7780075,407.5,10,10,5,0.615,0.015,2.507,OXIDE
620005,7780085,407.5,10,10,5,0.154,0.077,2.539,OXIDE
620015,7780085,407.5,10,10,5,0.361,0.020,2.614,OXIDE
620025,7780085,407.5,10,10,5,0.621,0.069,2.566,OXIDE
620035,7780085,407.5,10,10,5,0.642,0.048,2.626,OXIDE
620045,7780085,407.5,10,10,5,0.987,0.073,2.690,OXIDE
620055,7780085,407.5,10,10,5,1.825,0.216,2.632,BIF
620065,7780085,407.5,10,10,5,2.300,0.328,2.693,BIF
620075,7780085,407.5,10,10,5,1.854,0.417,2.702,BIF
620085,7780085,407.5,10,10,5,1.996,0.272,2.744,BIF
620095,7780085,407.5,10,10,5,2.099,0.343,2.696,BIF
620105,7780085,407.5,10,10,5,3.175,0.882,2.711,BIF
620115,7780085,407.5,10,10,5,2.313,0.413,2.653,BIF
620125,7780085,407.5,10,10,5,2.199,0.078,2.749,BIF
620135,7780085,407.5,10,10,5,0.650,0.146,2.637,OXIDE
620145,7780085,407.5,10,10,5,1.339,0.129,2.691,BIF
620155,7780085,407.5,10,10,5,0.873,0.108,2.596,OXIDE
620165,7780085,407.5,10,10,5,1.047,0.050,2.549,BIF
620175,7780085,407.5,10,10,5,0.584,0.023,2.569,OXIDE
620185,7780085,407.5,10,10,5,0.436,0.028,2.538,OXIDE
620195,7780085,407.5,10,10,5,0.169,0.038,2.564,OXIDE
620005,7780095,407.5,10,10,5,0.370,0.061,2.623,OXIDE
620015,7780095,407.5,10,10,5,0.509,0.039,2.590,OXIDE
620025,7780095,407.5,10,10,5,0.492,0.060,2.641,OXIDE
620035,7780095,407.5,10,10,5,0.971,0.056,2.657,OXIDE
620045,7780095,407.5,10,10,5,2.209,0.150,2.728,BIF
620055,7780095,407.5,10,10,5,3.054,0.212,2.715,BIF
620065,7780095,407.5,10,10,5,1.894,0.422,2.716,BIF
620075,7780095,407.5,10,10,5,2.078,0.397,2.798,BIF
620085,7780095,407.5,10,10,5,3.346,0.502,2.765,BIF
620095,7780095,407.5,10,10,5,2.596,0.409,2.773,BIF
620105,7780095,407.5,10,10,5,5.273,0.536,2.792,BIF
620115,7780095,407.5,10,10,5,3.597,0.467,2.761,BIF
620125,7780095,407.5,10,10,5,-9999,0.198,2.728,BIF
620135,7780095,407.5,10,10,5,2.308,0.292,2.676,BIF
620145,7780095,407.5,10,10,5,1.223,0.189,2.708,BIF
620155,7780095,407.5,10,10,5,1.251,0.253,2.548,BIF
620165,7780095,407.5,10,10,5,0.317,0.072,2.563,OXIDE
620175,7780095,407.5,10,10,5,0.253,0.096,2.532,OXIDE
620185,7780095,407.5,10,10,5,0.350,0.051,2.576,OXIDE
620195,7780095,407.5,10,10,5,0.233,0.033,2.533,OXIDE
620005,7780105,407.5,10,10,5,0.161,0.024,2.581,OXIDE
620015,7780105,407.5,10,10,5,0.515,0.037,2.562,OXIDE
620025,7780105,407.5,10,10,5,1.078,0.058,2.613,BIF
620035,7780105,407.5,10,10,5,1.033,0.051,2.583,BIF
620045,7780105,407.5,10,10,5,2.960,0.267,2.712,BIF
620055,7780105,407.5,10,10,5,1.702,0.174,2.702,BIF
620065,7780105,407.5,10,10,5,3.225,0.473,2.794,BIF
620075,7780105,407.5,10,10,5,4.316,0.718,2.743,BIF
620085,7780105,407.5,10,10,5,2.919,0.614,2.798,BIF
620095,7780105,407.5,10,10,5,2.703,1.095,2.794,BIF
620105,7780105,407.5,10,10,5,2.219,0.619,2.875,BIF
620115,7780105,407.5,10,10,5,3.307,0.255,2.748,BIF
620125,7780105,407.5,10,10,5,1.507,0.508,2.708,BIF
620135,7780105,407.5,10,10,5,5.681,0.175,2.736,BIF
620145,7780105,407.5,10,10,5,1.047,0.623,2.725,BIF
620155,7780105,407.5,10,10,5,1.096,0.236,2.680,BIF
620165,7780105,407.5,10,10,5,1.066,0.137,2.653,BIF
620175,7780105,407.5,10,10,5,1.829,0.107,2.551,BIF
620185,7780105,407.5,10,10,5,0.496,0.039,2.538,OXIDE
620195,7780105,407.5,10,10,5,0.139,0.025,2.624,OXIDE
620005,7780115,407.5,10,10,5,0.475,0.157,2.575,OXIDE
620015,7780115,407.5,10,10,5,1.385,0.053,2.591,BIF
620025,7780115,407.5,10,10,5,0.877,0.051,2.525,OXIDE
620035,7780115,407.5,10,10,5,1.042,0.135,2.594,BIF
620045,7780115,407.5,10,10,5,2.303,0.208,2.728,BIF
620055,7780115,407.5,10,10,5,1.299,0.189,2.690,BIF
620065,7780115,407.5,10,10,5,3.304,0.369,2.742,BIF
620075,7780115,407.5,10,10,5,1.512,0.464,2.720,BIF
620085,7780115,407.5,10,10,5,1.988,0.354,2.817,BIF
620095,7780115,407.5,10,10,5,2.926,0.475,2.840,BIF
620105,7780115,407.5,10,10,5,2.410,0.398,2.860,BIF
620115,7780115,407.5,10,10,5,3.605,1.089,2.790,BIF
620125,7780115,407.5,10,10,5,1.652,0.220,2.804,BIF
620135,7780115,407.5,10,10,5,1.131,0.230,2.724,BIF
620145,7780115,407.5,10,10,5,3.531,0.112,2.690,BIF
620155,7780115,407.5,10,10,5,0.680,0.179,2.641,OXIDE
620165,7780115,407.5,10,10,5,0.559,0.048,2.662,OXIDE
620175,7780115,407.5,10,10,5,0.294,0.069,2.641,OXIDE
620185,7780115,407.5,10,10,5,0.440,0.037,2.616,OXIDE
620195,7780115,407.5,10,10,5,0.293,0.018,2.584,OXIDE
620005,7780125,407.5,10,10,5,0.772,0.037,2.639,OXIDE
620015,7780125,407.5,10,10,5,0.960,0.055,2.502,OXIDE
620025,7780125,407.5,10,10,5,0.450,0.034,2.645,OXIDE
620035,7780125,407.5,10,10,5,0.454,0.083,2.575,OXIDE
620045,7780125,407.5,10,10,5,0.444,0.103,2.703,OXIDE
620055,7780125,407.5,10,10,5,3.405,0.326,2.739,BIF
620065,7780125,407.5,10,10,5,1.822,0.525,2.771,BIF
620075,7780125,407.5,10,10,5,1.381,0.293,2.801,BIF
620085,7780125,407.5,10,10,5,1.979,0.367,2.797,BIF
620095,7780125,407.5,10,10,5,2.178,0.375,2.821,BIF
620105,7780125,407.5,10,10,5,2.891,0.413,2.947,BIF
620115,7780125,407.5,10,10,5,1.640,0.132,2.666,BIF
620125,7780125,407.5,10,10,5,4.170,0.147,2.747,BIF
620135,7780125,407.5,10,10,5,4.725,0.346,2.692,BIF
620145,7780125,407.5,10,10,5,1.913,0.208,2.726,BIF
620155,7780125,407.5,10,10,5,1.671,0.142,2.594,BIF
620165,7780125,407.5,10,10,5,1.508,0.065,2.684,BIF
620175,7780125,407.5,10,10,5,0.639,0.038,2.619,OXIDE
620185,7780125,407.5,10,10,5,0.261,0.035,2.506,OXIDE
620195,7780125,407.5,10,10,5,0.402,0.034,2.542,OXIDE
620005,7780135,407.5,10,10,5,0.328,0.023,2.469,OXIDE
620015,7780135,407.5,10,10,5,0.802,0.021,2.678,OXIDE
620025,7780135,407.5,10,10,5,1.693,0.051,2.584,BIF
620035,7780135,407.5,10,10,5,1.225,0.079,2.567,BIF
620045,7780135,407.5,10,10,5,3.395,0.551,2.643,BIF
620055,7780135,407.5,10,10,5,0.978,0.212,2.613,OXIDE
620065,7780135,407.5,10,10,5,4.430,0.851,2.830,BIF
620075,7780135,407.5,10,10,5,6.213,0.530,2.750,BIF
620085,7780135,407.5,10,10,5,2.609,0.681,2.633,BIF
620095,7780135,407.5,10,10,5,3.415,0.776,2.732,BIF
620105,7780135,407.5,10,10,5,3.543,0.228,2.860,BIF
620115,7780135,407.5,10,10,5,1.015,0.545,2.747,BIF
620125,7780135,407.5,10,10,5,4.070,0.465,2.752,BIF
620135,7780135,407.5,10,10,5,1.359,0.139,2.700,BIF
620145,7780135,407.5,10,10,5,3.834,0.109,2.609,BIF
620155,7780135,407.5,10,10,5,1.067,0.160,2.648,BIF
620165,7780135,407.5,10,10,5,0.901,0.194,2.627,OXIDE
620175,7780135,407.5,10,10,5,0.376,0.042,2.594,OXIDE
620185,7780135,407.5,10,10,5,0.236,0.021,2.630,OXIDE
620195,7780135,407.5,10,10,5,0.073,0.027,2.619,OXIDE
620005,7780145,407.5,10,10,5,0.347,0.017,2.520,OXIDE
620015,7780145,407.5,10,10,5,0.456,0.024,2.532,OXIDE
620025,7780145,407.5,10,10,5,0.825,0.064,2.692,OXIDE
620035,7780145,407.5,10,10,5,0.650,0.104,2.576,OXIDE
620045,7780145,407.5,10,10,5,1.689,0.065,2.676,BIF
620055,7780145,407.5,10,10,5,1.591,0.200,2.681,BIF
620065,7780145,407.5,10,10,5,1.801,0.429,2.724,BIF
620075,7780145,407.5,10,10,5,1.289,0.229,2.648,BIF
620085,7780145,407.5,10,10,5,1.900,0.223,2.758,BIF
620095,7780145,407.5,10,10,5,1.922,0.182,2.757,BIF
620105,7780145,407.5,10,10,5,4.445,0.323,2.640,BIF
620115,7780145,407.5,10,10,5,1.546,0.383,2.721,BIF
620125,7780145,407.5,10,10,5,0.878,0.315,2.686,OXIDE
620135,7780145,407.5,10,10,5,1.467,0.373,2.711,BIF
620145,7780145,407.5,10,10,5,1.243,0.250,2.700,BIF
620155,7780145,407.5,10,10,5,1.379,0.114,2.642,BIF
620165,7780145,407.5,10,10,5,0.574,0.045,2.617,OXIDE
620175,7780145,407.5,10,10,5,0.378,0.017,2.531,OXIDE
620185,7780145,407.5,10,10,5,0.288,0.014,2.547,OXIDE
620195,7780145,407.5,10,10,5,0.099,0.035,2.546,OXIDE
620005,7780155,407.5,10,10,5,0.459,0.029,2.432,OXIDE
620015,7780155,407.5,10,10,5,0.335,0.029,2.470,OXIDE
620025,7780155,407.5,10,10,5,0.419,0.021,2.624,OXIDE
620035,7780155,407.5,10,10,5,0.739,0.051,2.612,OXIDE
620045,7780155,407.5,10,10,5,2.065,0.109,2.688,BIF
620055,7780155,407.5,10,10,5,0.603,0.107,2.627,OXIDE
620065,7780155,407.5,10,10,5,1.248,0.167,2.701,BIF
620075,7780155,407.5,10,10,5,2.957,0.154,2.647,BIF
620085,7780155,407.5,10,10,5,2.044,0.276,2.729,BIF
620095,7780155,407.5,10,10,5,4.796,0.272,2.702,BIF
620105,7780155,407.5,10,10,5,2.078,0.245,2.629,BIF
620115,7780155,407.5,10,10,5,1.429,0.211,2.631,BIF
620125,7780155,407.5,10,10,5,2.537,0.355,2.613,BIF
620135,7780155,407.5,10,10,5,1.306,0.152,2.707,BIF
620145,7780155,407.5,10,10,5,0.982,0.405,2.527,OXIDE
620155,7780155,407.5,10,10,5,1.006,0.046,2.672,BIF
620165,7780155,407.5,10,10,5,0.525,0.030,2.582,OXIDE
620175,7780155,407.5,10,10,5,0.280,0.033,2.629,OXIDE
620185,7780155,407.5,10,10,5,0.256,0.024,2.518,OXIDE
620195,7780155,407.5,10,10,5,0.190,0.034,2.559,OXIDE
620005,7780165,407.5,10,10,5,0.235,0.016,2.589,OXIDE
620015,7780165,407.5,10,10,5,0.363,0.031,2.629,OXIDE
620025,7780165,407.5,10,10,5,0.682,0.043,2.561,OXIDE
620035,7780165,407.5,10,10,5,0.571,0.023,2.579,OXIDE
620045,7780165,407.5,10,10,5,0.795,0.042,2.541,OXIDE
620055,7780165,407.5,10,10,5,1.149,0.167,2.678,BIF
620065,7780165,407.5,10,10,5,0.951,0.167,2.577,OXIDE
620075,7780165,407.5,10,10,5,1.993,0.065,2.755,BIF
620085,7780165,407.5,10,10,5,1.681,0.251,2.767,BIF
620095,7780165,407.5,10,10,5,2.171,0.286,2.639,BIF
620105,7780165,407.5,10,10,5,0.927,0.235,2.704,OXIDE
620115,7780165,407.5,10,10,5,0.544,0.159,2.718,OXIDE
620125,7780165,407.5,10,10,5,1.387,0.064,2.640,BIF
620135,7780165,407.5,10,10,5,1.798,0.119,2.682,BIF
620145,7780165,407.5,10,10,5,0.612,0.043,2.691,OXIDE
620155,7780165,407.5,10,10,5,0.596,0.027,2.519,OXIDE
620165,7780165,407.5,10,10,5,0.329,0.076,2.494,OXIDE
620175,7780165,407.5,10,10,5,0.302,0.070,2.627,OXIDE
620185,7780165,407.5,10,10,5,0.180,0.031,2.659,OXIDE
620195,7780165,407.5,10,10,5,0.101,0.019,2.619,OXIDE
620005,7780175,407.5,10,10,5,0.201,0.018,2.502,OXIDE
620015,7780175,407.5,10,10,5,0.189,0.015,2.482,OXIDE
620025,7780175,407.5,10,10,5,0.338,0.079,2.569,OXIDE
620035,7780175,407.5,10,10,5,0.584,0.029,2.555,OXIDE
620045,7780175,407.5,10,10,5,0.858,0.047,2.592,OXIDE
620055,7780175,407.5,10,10,5,0.769,0.104,2.591,OXIDE
620065,7780175,407.5,10,10,5,0.984,0.057,2.729,OXIDE
620075,7780175,407.5,10,10,5,0.562,0.101,2.744,OXIDE
620085,7780175,407.5,10,10,5,1.409,0.112,2.644,BIF
620095,7780175,407.5,10,10,5,2.266,0.151,2.713,BIF
620105,7780175,407.5,10,10,5,1.121,0.190,2.740,BIF
620115,7780175,407.5,10,10,5,0.707,0.110,2.661,OXIDE
620125,7780175,407.5,10,10,5,0.381,0.150,2.603,OXIDE
620135,7780175,407.5,10,10,5,0.466,0.045,2.605,OXIDE
620145,7780175,407.5,10,10,5,0.619,0.064,2.463,OXIDE
620155,7780175,407.5,10,10,5,0.518,0.036,2.569,OXIDE
620165,7780175,407.5,10,10,5,0.265,0.040,2.497,OXIDE
620175,7780175,407.5,10,10,5,0.206,0.017,2.555,OXIDE
620185,7780175,407.5,10,10,5,0.187,0.018,2.485,OXIDE
620195,7780175,407.5,10,10,5,0.104,0.015,2.600,OXIDE
620005,7780185,407.5,10,10,5,0.088,0.025,2.566,OXIDE
620015,7780185,407.5,10,10,5,0.212,0.038,2.536,OXIDE
620025,7780185,407.5,10,10,5,0.068,0.034,2.630,OXIDE
620035,7780185,407.5,10,10,5,0.224,0.027,2.596,OXIDE
620045,7780185,407.5,10,10,5,0.300,0.030,2.571,OXIDE
620055,7780185,407.5,10,10,5,0.841,0.069,2.596,OXIDE
620065,7780185,407.5,10,10,5,0.237,0.037,2.563,OXIDE
620075,7780185,407.5,10,10,5,0.804,0.031,2.519,OXIDE
620085,7780185,407.5,10,10,5,0.736,0.074,2.548,OXIDE
620095,7780185,407.5,10,10,5,0.837,0.056,2.743,OXIDE
620105,7780185,407.5,10,10,5,0.722,0.022,2.699,OXIDE
620115,7780185,407.5,10,10,5,0.706,0.111,2.657,OXIDE
620125,7780185,407.5,10,10,5,0.581,0.071,2.572,OXIDE
620135,7780185,407.5,10,10,5,0.833,0.038,2.638,OXIDE
620145,7780185,407.5,10,10,5,0.411,0.028,2.589,OXIDE
620155,7780185,407.5,10,10,5,0.290,0.044,2.492,OXIDE
620165,7780185,407.5,10,10,5,0.132,0.038,2.578,OXIDE
620175,7780185,407.5,10,10,5,0.201,0.030,2.547,OXIDE
620185,7780185,407.5,10,10,5,0.068,0.014,2.483,OXIDE
620195,7780185,407.5,10,10,5,0.039,0.110,2.540,OXIDE
620005,7780195,407.5,10,10,5,0.194,0.038,2.466,OXIDE
620015,7780195,407.5,10,10,5,0.252,0.026,2.630,OXIDE
620025,7780195,407.5,10,10,5,0.318,0.083,2.515,OXIDE
620035,7780195,407.5,10,10,5,0.435,0.035,2.538,OXIDE
620045,7780195,407.5,10,10,5,0.166,0.034,2.557,OXIDE
620055,7780195,407.5,10,10,5,0.420,0.018,2.572,OXIDE
620065,7780195,407.5,10,10,5,0.368,0.081,2.588,OXIDE
620075,7780195,407.5,10,10,5,0.713,0.062,2.433,OXIDE
620085,7780195,407.5,10,10,5,-9999,0.045,2.532,OXIDE
620095,7780195,407.5,10,10,5,0.273,0.071,2.604,OXIDE
620105,7780195,407.5,10,10,5,0.732,0.023,2.513,OXIDE
620115,7780195,407.5,10,10,5,0.529,0.102,2.632,OXIDE
620125,7780195,407.5,10,10,5,0.833,0.017,2.515,OXIDE
620135,7780195,407.5,10,10,5,0.299,0.051,2.495,OXIDE
620145,7780195,407.5,10,10,5,0.582,0.023,2.525,OXIDE
620155,7780195,407.5,10,10,5,0.288,0.024,2.623,OXIDE
620165,7780195,407.5,10,10,5,0.097,0.032,2.661,OXIDE
620175,7780195,407.5,10,10,5,0.177,0.010,2.555,OXIDE
620185,7780195,407.5,10,10,5,0.101,0.041,2.615,OXIDE
620195,7780195,407.5,10,10,5,0.071,0.012,2.511,OXIDE
620005,7780005,412.5,10,10,5,0.078,0.009,2.636,SHALE
620015,7780005,412.5,10,10,5,0.171,0.015,2.506,WASTE
620025,7780005,412.5,10,10,5,0.045,0.034,2.480,WASTE
620035,7780005,412.5,10,10,5,0.083,0.028,2.639,WASTE
620045,7780005,412.5,10,10,5,0.200,0.026,2.589,WASTE
620055,7780005,412.5,10,10,5,0.108,0.007,2.491,SHALE
620065,7780005,412.5,10,10,5,0.208,0.023,2.645,WASTE
620075,7780005,412.5,10,10,5,0.128,0.034,2.561,WASTE
620085,7780005,412.5,10,10,5,0.141,0.035,2.544,WASTE
620095,7780005,412.5,10,10,5,0.165,0.022,2.464,SHALE
620105,7780005,412.5,10,10,5,0.240,0.015,2.594,WASTE
620115,7780005,412.5,10,10,5,0.162,0.058,2.591,SHALE
620125,7780005,412.5,10,10,5,0.068,0.072,2.604,SHALE
620135,7780005,412.5,10,10,5,0.039,0.037,2.533,SHALE
620145,7780005,412.5,10,10,5,0.224,0.015,2.568,SHALE
620155,7780005,412.5,10,10,5,0.074,0.056,2.534,WASTE
620165,7780005,412.5,10,10,5,0.123,0.022,2.455,SHALE
620175,7780005,412.5,10,10,5,0.031,0.012,2.498,WASTE
620185,7780005,412.5,10,10,5,0.093,0.026,2.507,SHALE
620195,7780005,412.5,10,10,5,0.064,0.053,2.482,SHALE
620005,7780015,412.5,10,10,5,0.055,0.029,2.521,SHALE
620015,7780015,412.5,10,10,5,0.114,0.008,2.571,WASTE
620025,7780015,412.5,10,10,5,0.094,0.024,2.624,SHALE
620035,7780015,412.5,10,10,5,0.115,0.016,2.612,WASTE
620045,7780015,412.5,10,10,5,0.202,0.014,2.534,SHALE
620055,7780015,412.5,10,10,5,0.175,0.047,2.526,SHALE
620065,7780015,412.5,10,10,5,0.230,0.012,2.569,WASTE
620075,7780015,412.5,10,10,5,0.708,0.063,2.481,SHALE
620085,7780015,412.5,10,10,5,0.314,0.052,2.512,SHALE
620095,7780015,412.5,10,10,5,0.244,0.028,2.599,WASTE
620105,7780015,412.5,10,10,5,0.311,0.040,2.614,SHALE
620115,7780015,412.5,10,10,5,0.200,0.027,2.564,WASTE
620125,7780015,412.5,10,10,5,0.166,0.019,2.568,SHALE
620135,7780015,412.5,10,10,5,0.210,0.027,2.526,WASTE
620145,7780015,412.5,10,10,5,-9999,0.011,2.605,WASTE
620155,7780015,412.5,10,10,5,0.078,0.023,2.577,SHALE
620165,7780015,412.5,10,10,5,0.124,0.021,2.492,WASTE
620175,7780015,412.5,10,10,5,0.056,0.037,2.645,WASTE
620185,7780015,412.5,10,10,5,0.081,0.015,2.528,WASTE
620195,7780015,412.5,10,10,5,0.047,0.018,2.551,WASTE
620005,7780025,412.5,10,10,5,0.057,0.030,2.600,SHALE
620015,7780025,412.5,10,10,5,0.381,0.016,2.540,WASTE
620025,7780025,412.5,10,10,5,0.138,0.043,2.542,SHALE
620035,7780025,412.5,10,10,5,0.140,0.073,2.580,WASTE
620045,7780025,412.5,10,10,5,0.245,0.011,2.512,WASTE
620055,7780025,412.5,10,10,5,0.271,0.044,2.544,SHALE
620065,7780025,412.5,10,10,5,0.741,0.024,2.518,SHALE
620075,7780025,412.5,10,10,5,0.995,0.035,2.629,SHALE
620085,7780025,412.5,10,10,5,-9999,0.032,2.626,WASTE
620095,7780025,412.5,10,10,5,0.488,0.022,2.582,SHALE
620105,7780025,412.5,10,10,5,0.531,0.030,2.633,WASTE
620115,7780025,412.5,10,10,5,0.414,0.051,2.555,WASTE
620125,7780025,412.5,10,10,5,0.555,0.150,2.666,SHALE
620135,7780025,412.5,10,10,5,0.302,0.047,2.601,SHALE
620145,7780025,412.5,10,10,5,0.251,0.033,2.613,SHALE
620155,7780025,412.5,10,10,5,0.265,0.039,2.613,SHALE
620165,7780025,412.5,10,10,5,0.080,0.016,2.539,WASTE
620175,7780025,412.5,10,10,5,0.146,0.022,2.554,WASTE
620185,7780025,412.5,10,10,5,0.111,0.017,2.528,WASTE
620195,7780025,412.5,10,10,5,0.061,0.019,2.575,WASTE
620005,7780035,412.5,10,10,5,0.180,0.048,2.427,SHALE
620015,7780035,412.5,10,10,5,0.191,0.026,2.555,WASTE
620025,7780035,412.5,10,10,5,0.175,0.019,2.652,SHALE
620035,7780035,412.5,10,10,5,0.372,0.029,2.541,WASTE
620045,7780035,412.5,10,10,5,0.434,0.042,2.578,SHALE
620055,7780035,412.5,10,10,5,0.604,0.024,2.576,WASTE
620065,7780035,412.5,10,10,5,0.693,0.074,2.679,WASTE
620075,7780035,412.5,10,10,5,0.403,0.027,2.657,WASTE
620085,7780035,412.5,10,10,5,1.369,0.061,2.507,BIF
620095,7780035,412.5,10,10,5,0.860,0.085,2.615,SHALE
620105,7780035,412.5,10,10,5,1.197,0.064,2.577,BIF
620115,7780035,412.5,10,10,5,0.697,0.050,2.641,SHALE
620125,7780035,412.5,10,10,5,0.697,0.094,2.656,SHALE
620135,7780035,412.5,10,10,5,-9999,0.029,2.554,WASTE
620145,7780035,412.5,10,10,5,0.391,0.127,2.596,SHALE
620155,7780035,412.5,10,10,5,0.458,0.039,2.531,SHALE
620165,7780035,412.5,10,10,5,0.391,0.016,2.517,WASTE
620175,7780035,412.5,10,10,5,0.143,0.008,2.504,SHALE
620185,7780035,412.5,10,10,5,0.046,0.030,2.575,SHALE
620195,7780035,412.5,10,10,5,0.076,0.027,2.530,WASTE
620005,7780045,412.5,10,10,5,0.170,0.020,2.561,WASTE
620015,7780045,412.5,10,10,5,0.372,0.024,2.537,SHALE
620025,7780045,412.5,10,10,5,0.182,0.039,2.618,SHALE
620035,7780045,412.5,10,10,5,0.522,0.029,2.556,WASTE
620045,7780045,412.5,10,10,5,0.371,0.070,2.559,WASTE
620055,7780045,412.5,10,10,5,0.398,0.035,2.544,SHALE
620065,7780045,412.5,10,10,5,1.274,0.165,2.583,BIF
620075,7780045,412.5,10,10,5,0.836,0.062,2.722,SHALE
620085,7780045,412.5,10,10,5,1.370,0.168,2.557,BIF
620095,7780045,412.5,10,10,5,1.236,0.135,2.683,BIF
620105,7780045,412.5,10,10,5,1.183,0.165,2.726,BIF
620115,7780045,412.5,10,10,5,2.222,0.076,2.692,BIF
620125,7780045,412.5,10,10,5,0.702,0.137,2.577,SHALE
620135,7780045,412.5,10,10,5,0.539,0.083,2.654,SHALE
620145,7780045,412.5,10,10,5,0.366,0.030,2.594,WASTE
620155,7780045,412.5,10,10,5,0.788,0.097,2.607,SHALE
620165,7780045,412.5,10,10,5,0.594,0.050,2.565,SHALE
620175,7780045,412.5,10,10,5,0.316,0.017,2.470,SHALE
620185,7780045,412.5,10,10,5,0.170,0.035,2.668,WASTE
620195,7780045,412.5,10,10,5,0.208,0.024,2.596,WASTE
620005,7780055,412.5,10,10,5,0.289,0.018,2.499,WASTE
620015,7780055,412.5,10,10,5,0.257,0.039,2.536,WASTE
620025,7780055,412.5,10,10,5,0.757,0.034,2.562,SHALE
620035,7780055,412.5,10,10,5,0.527,0.038,2.617,WASTE
620045,7780055,412.5,10,10,5,0.597,0.049,2.585,WASTE
620055,7780055,412.5,10,10,5,1.245,0.181,2.550,BIF
620065,7780055,412.5,10,10,5,0.821,0.319,2.668,WASTE
620075,7780055,412.5,10,10,5,2.523,0.228,2.827,BIF
620085,7780055,412.5,10,10,5,1.540,0.080,2.679,BIF
620095,7780055,412.5,10,10,5,1.799,0.341,2.663,BIF
620105,7780055,412.5,10,10,5,1.322,0.076,2.659,BIF
620115,7780055,412.5,10,10,5,0.922,0.323,2.616,WASTE
620125,7780055,412.5,10,10,5,0.767,0.102,2.518,WASTE
620135,7780055,412.5,10,10,5,1.594,0.041,2.629,BIF
620145,7780055,412.5,10,10,5,-9999,0.070,2.573,BIF
620155,7780055,412.5,10,10,5,0.315,0.042,2.590,WASTE
620165,7780055,412.5,10,10,5,0.642,0.041,2.550,SHALE
620175,7780055,412.5,10,10,5,0.240,0.042,2.598,SHALE
620185,7780055,412.5,10,10,5,0.248,0.023,2.565,SHALE
620195,7780055,412.5,10,10,5,0.090,0.035,2.586,SHALE
620005,7780065,412.5,10,10,5,0.307,0.038,2.528,WASTE
620015,7780065,412.5,10,10,5,0.378,0.033,2.543,WASTE
620025,7780065,412.5,10,10,5,0.615,0.039,2.645,SHALE
620035,7780065,412.5,10,10,5,1.870,0.060,2.672,BIF
620045,7780065,412.5,10,10,5,1.927,0.429,2.637,BIF
620055,7780065,412.5,10,10,5,0.634,0.078,2.626,SHALE
620065,7780065,412.5,10,10,5,1.450,0.276,2.708,BIF
620075,7780065,412.5,10,10,5,1.744,0.584,2.709,BIF
620085,7780065,412.5,10,10,5,2.696,0.472,2.770,BIF
620095,7780065,412.5,10,10,5,1.916,0.353,2.751,BIF
620105,7780065,412.5,10,10,5,3.351,1.013,2.721,BIF
620115,7780065,412.5,10,10,5,1.110,0.172,2.762,BIF
620125,7780065,412.5,10,10,5,2.518,0.551,2.717,BIF
620135,7780065,412.5,10,10,5,-9999,0.177,2.630,BIF
620145,7780065,412.5,10,10,5,1.022,0.120,2.652,BIF
620155,7780065,412.5,10,10,5,1.882,0.079,2.595,BIF
620165,7780065,412.5,10,10,5,0.956,0.069,2.688,WASTE
620175,7780065,412.5,10,10,5,0.208,0.034,2.588,SHALE
620185,7780065,412.5,10,10,5,0.156,0.033,2.612,SHALE
620195,7780065,412.5,10,10,5,0.080,0.009,2.576,WASTE
620005,7780075,412.5,10,10,5,0.412,0.034,2.601,SHALE
620015,7780075,412.5,10,10,5,0.523,0.039,2.532,SHALE
620025,7780075,412.5,10,10,5,0.271,0.124,2.623,WASTE
620035,7780075,412.5,10,10,5,0.928,0.059,2.644,WASTE
620045,7780075,412.5,10,10,5,1.160,0.128,2.639,BIF
620055,7780075,412.5,10,10,5,4.125,0.485,2.710,BIF
620065,7780075,412.5,10,10,5,3.498,0.238,2.806,BIF
620075,7780075,412.5,10,10,5,3.182,0.578,2.801,BIF
620085,7780075,412.5,10,10,5,2.540,0.442,2.773,BIF
620095,7780075,412.5,10,10,5,3.126,0.574,2.822,BIF
620105,7780075,412.5,10,10,5,2.749,0.378,2.788,BIF
620115,7780075,412.5,10,10,5,1.623,0.736,2.719,BIF
620125,7780075,412.5,10,10,5,3.245,0.227,2.731,BIF
620135,7780075,412.5,10,10,5,3.296,0.210,2.632,BIF
620145,7780075,412.5,10,10,5,1.584,0.195,2.676,BIF
620155,7780075,412.5,10,10,5,1.891,0.082,2.599,BIF
620165,7780075,412.5,10,10,5,0.758,0.068,2.585,WASTE
620175,7780075,412.5,10,10,5,0.347,0.037,2.602,WASTE
620185,7780075,412.5,10,10,5,0.579,0.031,2.568,SHALE
620195,7780075,412.5,10,10,5,0.146,0.031,2.620,WASTE
620005,7780085,412.5,10,10,5,0.212,0.019,2.665,WASTE
620015,7780085,412.5,10,10,5,0.617,0.047,2.567,WASTE
620025,7780085,412.5,10,10,5,0.476,0.097,2.546,WASTE
620035,7780085,412.5,10,10,5,2.261,0.375,2.700,BIF
620045,7780085,412.5,10,10,5,2.639,0.112,2.738,BIF
620055,7780085,412.5,10,10,5,2.441,0.231,2.661,BIF
620065,7780085,412.5,10,10,5,2.937,0.797,2.729,BIF
620075,7780085,412.5,10,10,5,2.174,0.500,2.787,BIF
620085,7780085,412.5,10,10,5,3.560,1.530,2.889,BIF
620095,7780085,412.5,10,10,5,3.677,1.063,2.878,BIF
620105,7780085,412.5,10,10,5,3.323,0.293,2.810,BIF
620115,7780085,412.5,10,10,5,3.090,0.331,2.879,BIF
620125,7780085,412.5,10,10,5,2.270,0.244,2.775,BIF
620135,7780085,412.5,10,10,5,4.157,0.155,2.772,BIF
620145,7780085,412.5,10,10,5,2.775,0.136,2.731,BIF
620155,7780085,412.5,10,10,5,1.247,0.231,2.689,BIF
620165,7780085,412.5,10,10,5,0.796,0.092,2.706,WASTE
620175,7780085,412.5,10,10,5,0.446,0.042,2.550,SHALE
620185,7780085,412.5,10,10,5,0.376,0.028,2.536,WASTE
620195,7780085,412.5,10,10,5,0.244,0.028,2.583,SHALE
620005,7780095,412.5,10,10,5,0.930,0.053,2.576,SHALE
620015,7780095,412.5,10,10,5,0.358,0.198,2.598,SHALE
620025,7780095,412.5,10,10,5,0.756,0.176,2.571,WASTE
620035,7780095,412.5,10,10,5,1.059,0.082,2.641,BIF
620045,7780095,412.5,10,10,5,3.424,0.283,2.791,BIF
620055,7780095,412.5,10,10,5,4.468,0.285,2.769,BIF
620065,7780095,412.5,10,10,5,2.515,0.529,2.794,BIF
620075,7780095,412.5,10,10,5,6.459,1.002,2.811,BIF
620085,7780095,412.5,10,10,5,2.582,2.719,2.868,BIF
620095,7780095,412.5,10,10,5,2.273,0.690,2.879,BIF
620105,7780095,412.5,10,10,5,2.289,0.727,2.840,BIF
620115,7780095,412.5,10,10,5,2.410,0.317,2.918,BIF
620125,7780095,412.5,10,10,5,3.881,1.803,2.835,BIF
620135,7780095,412.5,10,10,5,2.473,0.277,2.800,BIF
620145,7780095,412.5,10,10,5,1.387,0.504,2.734,BIF
620155,7780095,412.5,10,10,5,1.337,0.075,2.652,BIF
620165,7780095,412.5,10,10,5,1.066,0.133,2.662,BIF
620175,7780095,412.5,10,10,5,1.654,0.119,2.640,BIF
620185,7780095,412.5,10,10,5,0.296,0.060,2.617,WASTE
620195,7780095,412.5,10,10,5,0.311,0.078,2.535,SHALE
620005,7780105,412.5,10,10,5,0.330,0.045,2.500,WASTE
620015,7780105,412.5,10,10,5,-9999,0.022,2.643,WASTE
620025,7780105,412.5,10,10,5,1.105,0.137,2.613,BIF
620035,7780105,412.5,10,10,5,2.875,0.236,2.738,BIF
620045,7780105,412.5,10,10,5,3.412,0.622,2.766,BIF
620055,7780105,412.5,10,10,5,3.989,0.248,2.835,BIF
620065,7780105,412.5,10,10,5,3.211,0.671,2.887,BIF
620075,7780105,412.5,10,10,5,3.093,0.559,2.813,BIF
620085,7780105,412.5,10,10,5,10.496,0.550,2.936,BIF
620095,7780105,412.5,10,10,5,3.479,1.186,2.963,BIF
620105,7780105,412.5,10,10,5,9.538,1.597,2.855,BIF
620115,7780105,412.5,10,10,5,5.892,1.436,2.805,BIF
620125,7780105,412.5,10,10,5,2.240,0.875,2.882,BIF
620135,7780105,412.5,10,10,5,2.757,0.755,2.814,BIF
620145,7780105,412.5,10,10,5,4.011,0.418,2.740,BIF
620155,7780105,412.5,10,10,5,3.789,0.225,2.681,BIF
620165,7780105,412.5,10,10,5,2.031,0.206,2.682,BIF
620175,7780105,412.5,10,10,5,0.330,0.068,2.491,SHALE
620185,7780105,412.5,10,10,5,0.289,0.035,2.584,WASTE
620195,7780105,412.5,10,10,5,1.015,0.038,2.595,BIF
620005,7780115,412.5,10,10,5,0.444,0.046,2.632,WASTE
620015,7780115,412.5,10,10,5,0.634,0.047,2.635,WASTE
620025,7780115,412.5,10,10,5,1.466,0.160,2.697,BIF
620035,7780115,412.5,10,10,5,5.854,0.093,2.664,BIF
620045,7780115,412.5,10,10,5,1.339,0.361,2.722,BIF
620055,7780115,412.5,10,10,5,1.446,0.515,2.862,BIF
620065,7780115,412.5,10,10,5,3.370,0.681,2.802,BIF
620075,7780115,412.5,10,10,5,5.855,1.122,2.928,BIF
620085,7780115,412.5,10,10,5,6.179,1.550,2.795,BIF
620095,7780115,412.5,10,10,5,8.515,2.690,2.955,BIF
620105,7780115,412.5,10,10,5,6.962,0.754,2.929,BIF
620115,7780115,412.5,10,10,5,4.660,1.370,2.746,BIF
620125,7780115,412.5,10,10,5,3.546,1.191,2.782,BIF
620135,7780115,412.5,10,10,5,1.611,0.237,2.900,BIF
620145,7780115,412.5,10,10,5,3.787,0.439,2.707,BIF
620155,7780115,412.5,10,10,5,1.823,0.262,2.613,BIF
620165,7780115,412.5,10,10,5,-9999,0.098,2.594,WASTE
620175,7780115,412.5,10,10,5,0.823,0.056,2.690,SHALE
620185,7780115,412.5,10,10,5,0.638,0.073,2.556,WASTE
620195,7780115,412.5,10,10,5,0.333,0.050,2.507,WASTE
620005,7780125,412.5,10,10,5,0.527,0.021,2.599,WASTE
620015,7780125,412.5,10,10,5,0.959,0.048,2.736,WASTE
620025,7780125,412.5,10,10,5,0.951,0.059,2.656,SHALE
620035,7780125,412.5,10,10,5,3.001,0.236,2.659,BIF
620045,7780125,412.5,10,10,5,2.522,0.316,2.687,BIF
620055,7780125,412.5,10,10,5,2.186,0.346,2.747,BIF
620065,7780125,412.5,10,10,5,1.973,0.519,2.870,BIF
620075,7780125,412.5,10,10,5,7.340,0.682,2.830,BIF
620085,7780125,412.5,10,10,5,7.734,0.687,2.937,BIF
620095,7780125,412.5,10,10,5,3.073,1.211,2.955,BIF
620105,7780125,412.5,10,10,5,6.831,0.638,2.842,BIF
620115,7780125,412.5,10,10,5,3.299,1.285,2.843,BIF
620125,7780125,412.5,10,10,5,5.747,0.644,2.761,BIF
620135,7780125,412.5,10,10,5,5.958,0.621,2.732,BIF
620145,7780125,412.5,10,10,5,1.427,0.343,2.783,BIF
620155,7780125,412.5,10,10,5,2.071,0.281,2.665,BIF
620165,7780125,412.5,10,10,5,0.668,0.056,2.596,SHALE
620175,7780125,412.5,10,10,5,1.776,0.040,2.675,BIF
620185,7780125,412.5,10,10,5,0.400,0.055,2.618,SHALE
620195,7780125,412.5,10,10,5,0.278,0.038,2.553,SHALE
620005,7780135,412.5,10,10,5,0.344,0.040,2.566,WASTE
620015,7780135,412.5,10,10,5,1.381,0.047,2.681,BIF
620025,7780135,412.5,10,10,5,0.432,0.069,2.648,SHALE
620035,7780135,412.5,10,10,5,1.307,0.056,2.730,BIF
620045,7780135,412.5,10,10,5,2.044,0.280,2.745,BIF
620055,7780135,412.5,10,10,5,1.701,0.374,2.705,BIF
620065,7780135,412.5,10,10,5,2.054,0.820,2.832,BIF
620075,7780135,412.5,10,10,5,3.093,0.510,2.836,BIF
620085,7780135,412.5,10,10,5,4.973,0.652,2.926,BIF
620095,7780135,412.5,10,10,5,3.896,0.556,2.848,BIF
620105,7780135,412.5,10,10,5,8.327,0.989,2.840,BIF
620115,7780135,412.5,10,10,5,3.082,0.582,2.942,BIF
620125,7780135,412.5,10,10,5,2.016,0.614,2.780,BIF
620135,7780135,412.5,10,10,5,3.234,0.235,2.815,BIF
620145,7780135,412.5,10,10,5,3.526,0.312,2.677,BIF
620155,7780135,412.5,10,10,5,1.759,0.147,2.641,BIF
620165,7780135,412.5,10,10,5,0.852,0.265,2.640,SHALE
620175,7780135,412.5,10,10,5,0.714,0.058,2.662,SHALE
620185,7780135,412.5,10,10,5,0.507,0.033,2.629,SHALE
620195,7780135,412.5,10,10,5,0.353,0.041,2.584,WASTE
620005,7780145,412.5,10,10,5,0.312,0.020,2.647,WASTE
620015,7780145,412.5,10,10,5,0.899,0.076,2.483,WASTE
620025,7780145,412.5,10,10,5,0.819,0.078,2.684,SHALE
620035,7780145,412.5,10,10,5,2.306,0.308,2.669,BIF
620045,7780145,412.5,10,10,5,1.699,0.093,2.798,BIF
620055,7780145,412.5,10,10,5,2.215,0.300,2.754,BIF
620065,7780145,412.5,10,10,5,4.925,0.345,2.779,BIF
620075,7780145,412.5,10,10,5,3.113,1.168,2.803,BIF
620085,7780145,412.5,10,10,5,4.932,0.222,2.823,BIF
620095,7780145,412.5,10,10,5,2.098,0.299,2.925,BIF
620105,7780145,412.5,10,10,5,2.449,1.016,2.845,BIF
620115,7780145,412.5,10,10,5,2.905,0.612,2.833,BIF
620125,7780145,412.5,10,10,5,3.223,0.305,2.784,BIF
620135,7780145,412.5,10,10,5,3.452,0.371,2.773,BIF
620145,7780145,412.5,10,10,5,2.636,0.256,2.761,BIF
620155,7780145,412.5,10,10,5,0.758,0.239,2.639,WASTE
620165,7780145,412.5,10,10,5,0.721,0.069,2.696,SHALE
620175,7780145,412.5,10,10,5,0.463,0.051,2.573,SHALE
620185,7780145,412.5,10,10,5,0.570,0.041,2.558,SHALE
620195,7780145,412.5,10,10,5,0.278,0.027,2.569,WASTE
620005,7780155,412.5,10,10,5,0.349,0.059,2.637,SHALE
620015,7780155,412.5,10,10,5,0.689,0.027,2.581,WASTE
620025,7780155,412.5,10,10,5,0.415,0.076,2.590,SHALE
620035,7780155,412.5,10,10,5,0.785,0.153,2.644,SHALE
620045,7780155,412.5,10,10,5,1.511,0.500,2.598,BIF
620055,7780155,412.5,10,10,5,1.774,0.614,2.690,BIF
620065,7780155,412.5,10,10,5,3.437,0.384,2.753,BIF
620075,7780155,412.5,10,10,5,1.301,0.370,2.835,BIF
620085,7780155,412.5,10,10,5,4.081,0.196,2.806,BIF
620095,7780155,412.5,10,10,5,1.568,0.311,2.719,BIF
620105,7780155,412.5,10,10,5,3.998,0.199,2.845,BIF
620115,7780155,412.5,10,10,5,5.382,0.370,2.786,BIF
620125,7780155,412.5,10,10,5,1.746,0.379,2.696,BIF
620135,7780155,412.5,10,10,5,1.732,0.173,2.693,BIF
620145,7780155,412.5,10,10,5,1.415,0.308,2.737,BIF
620155,7780155,412.5,10,10,5,0.871,0.084,2.702,WASTE
620165,7780155,412.5,10,10,5,0.478,0.174,2.618,SHALE
620175,7780155,412.5,10,10,5,0.239,0.081,2.615,SHALE
620185,7780155,412.5,10,10,5,0.195,0.023,2.588,WASTE
620195,7780155,412.5,10,10,5,0.371,0.024,2.622,SHALE
620005,7780165,412.5,10,10,5,0.382,0.037,2.510,WASTE
620015,7780165,412.5,10,10,5,0.616,0.058,2.640,WASTE
620025,7780165,412.5,10,10,5,0.673,0.084,2.628,SHALE
620035,7780165,412.5,10,10,5,0.707,0.164,2.640,WASTE
620045,7780165,412.5,10,10,5,3.108,0.198,2.589,BIF
620055,7780165,412.5,10,10,5,2.198,0.148,2.651,BIF
620065,7780165,412.5,10,10,5,1.877,0.206,2.701,BIF
620075,7780165,412.5,10,10,5,3.077,0.201,2.662,BIF
620085,7780165,412.5,10,10,5,2.189,0.478,2.727,BIF
620095,7780165,412.5,10,10,5,1.989,0.423,2.707,BIF
620105,7780165,412.5,10,10,5,3.352,0.173,2.684,BIF
620115,7780165,412.5,10,10,5,3.446,0.229,2.683,BIF
620125,7780165,412.5,10,10,5,6.068,0.219,2.575,BIF
620135,7780165,412.5,10,10,5,1.340,0.090,2.631,BIF
620145,7780165,412.5,10,10,5,3.185,0.137,2.654,BIF
620155,7780165,412.5,10,10,5,0.974,0.074,2.626,SHALE
620165,7780165,412.5,10,10,5,0.679,0.027,2.570,WASTE
620175,7780165,412.5,10,10,5,0.197,0.022,2.565,SHALE
620185,7780165,412.5,10,10,5,0.241,0.025,2.577,SHALE
620195,7780165,412.5,10,10,5,0.234,0.028,2.550,WASTE
620005,7780175,412.5,10,10,5,0.085,0.023,2.641,WASTE
620015,7780175,412.5,10,10,5,0.300,0.025,2.609,SHALE
620025,7780175,412.5,10,10,5,0.880,0.109,2.635,WASTE
620035,7780175,412.5,10,10,5,0.733,0.042,2.579,WASTE
620045,7780175,412.5,10,10,5,0.923,0.111,2.659,SHALE
620055,7780175,412.5,10,10,5,1.286,0.050,2.527,BIF
620065,7780175,412.5,10,10,5,1.069,0.239,2.643,BIF
620075,7780175,412.5,10,10,5,3.157,0.099,2.651,BIF
620085,7780175,412.5,10,10,5,2.131,0.129,2.706,BIF
620095,7780175,412.5,10,10,5,-9999,0.439,2.691,BIF
620105,7780175,412.5,10,10,5,2.312,0.503,2.677,BIF
620115,7780175,412.5,10,10,5,4.339,0.268,2.744,BIF
620125,7780175,412.5,10,10,5,2.168,0.085,2.730,BIF
620135,7780175,412.5,10,10,5,0.884,0.074,2.651,SHALE
620145,7780175,412.5,10,10,5,1.204,0.084,2.613,BIF
620155,7780175,412.5,10,10,5,0.333,0.048,2.588,SHALE
620165,7780175,412.5,10,10,5,0.609,0.064,2.521,SHALE
620175,7780175,412.5,10,10,5,0.334,0.043,2.596,WASTE
620185,7780175,412.5,10,10,5,0.075,0.030,2.548,WASTE
620195,7780175,412.5,10,10,5,0.208,0.024,2.629,WASTE
620005,7780185,412.5,10,10,5,0.156,0.031,2.599,WASTE
620015,7780185,412.5,10,10,5,0.344,0.006,2.611,SHALE
620025,7780185,412.5,10,10,5,0.358,0.030,2.534,SHALE
620035,7780185,412.5,10,10,5,1.110,0.054,2.636,BIF
620045,7780185,412.5,10,10,5,0.854,0.081,2.487,SHALE
620055,7780185,412.5,10,10,5,0.643,0.057,2.523,WASTE
620065,7780185,412.5,10,10,5,0.408,0.180,2.688,SHALE
620075,7780185,412.5,10,10,5,0.829,0.152,2.700,SHALE
620085,7780185,412.5,10,10,5,1.166,0.088,2.631,BIF
620095,7780185,412.5,10,10,5,0.793,0.086,2.593,SHALE
620105,7780185,412.5,10,10,5,2.922,0.082,2.661,BIF
620115,7780185,412.5,10,10,5,1.958,0.155,2.602,BIF
620125,7780185,412.5,10,10,5,1.295,0.070,2.542,BIF
620135,7780185,412.5,10,10,5,1.118,0.120,2.565,BIF
620145,7780185,412.5,10,10,5,0.464,0.153,2.648,WASTE
620155,7780185,412.5,10,10,5,0.567,0.041,2.568,SHALE
620165,7780185,412.5,10,10,5,0.546,0.059,2.565,SHALE
620175,7780185,412.5,10,10,5,0.128,0.053,2.541,WASTE
620185,7780185,412.5,10,10,5,0.122,0.027,2.514,SHALE
620195,7780185,412.5,10,10,5,0.057,0.014,2.523,SHALE
620005,7780195,412.5,10,10,5,0.105,0.069,2.606,SHALE
620015,7780195,412.5,10,10,5,0.170,0.030,2.558,WASTE
620025,7780195,412.5,10,10,5,0.171,0.013,2.461,SHALE
620035,7780195,412.5,10,10,5,0.161,0.032,2.543,WASTE
620045,7780195,412.5,10,10,5,0.345,0.038,2.628,SHALE
620055,7780195,412.5,10,10,5,1.161,0.057,2.624,BIF
620065,7780195,412.5,10,10,5,0.416,0.057,2.498,WASTE
620075,7780195,412.5,10,10,5,1.080,0.084,2.631,BIF
620085,7780195,412.5,10,10,5,1.672,0.063,2.646,BIF
620095,7780195,412.5,10,10,5,0.752,0.025,2.611,SHALE
620105,7780195,412.5,10,10,5,0.823,0.051,2.595,WASTE
620115,7780195,412.5,10,10,5,1.055,0.020,2.666,BIF
620125,7780195,412.5,10,10,5,0.765,0.058,2.575,WASTE
620135,7780195,412.5,10,10,5,0.588,0.039,2.596,SHALE
620145,7780195,412.5,10,10,5,0.669,0.065,2.612,SHALE
620155,7780195,412.5,10,10,5,0.673,0.036,2.660,SHALE
620165,7780195,412.5,10,10,5,0.247,0.039,2.520,WASTE
620175,7780195,412.5,10,10,5,0.227,0.023,2.580,WASTE
620185,7780195,412.5,10,10,5,0.311,0.014,2.629,WASTE
620195,7780195,412.5,10,10,5,0.106,0.016,2.480,WASTE
620005,7780005,417.5,10,10,5,0.028,0.028,2.560,SHALE
620015,7780005,417.5,10,10,5,0.029,0.021,2.580,WASTE
620025,7780005,417.5,10,10,5,0.105,0.010,2.579,WASTE
620035,7780005,417.5,10,10,5,0.068,0.009,2.528,SHALE
620045,7780005,417.5,10,10,5,0.116,0.016,2.479,SHALE
620055,7780005,417.5,10,10,5,0.197,0.036,2.521,SHALE
620065,7780005,417.5,10,10,5,0.072,0.010,2.508,SHALE
620075,7780005,417.5,10,10,5,0.248,0.043,2.563,SHALE
620085,7780005,417.5,10,10,5,0.356,0.022,2.659,WASTE
620095,7780005,417.5,10,10,5,0.195,0.023,2.539,WASTE
620105,7780005,417.5,10,10,5,0.107,0.035,2.514,SHALE
620115,7780005,417.5,10,10,5,0.199,0.014,2.558,SHALE
620125,7780005,417.5,10,10,5,0.187,0.037,2.612,SHALE
620135,7780005,417.5,10,10,5,0.092,0.009,2.555,SHALE
620145,7780005,417.5,10,10,5,0.135,0.024,2.578,WASTE
620155,7780005,417.5,10,10,5,0.073,0.028,2.520,SHALE
620165,7780005,417.5,10,10,5,0.096,0.018,2.537,WASTE
620175,7780005,417.5,10,10,5,0.117,0.029,2.634,SHALE
620185,7780005,417.5,10,10,5,0.043,0.017,2.556,SHALE
620195,7780005,417.5,10,10,5,0.106,0.012,2.595,SHALE
620005,7780015,417.5,10,10,5,0.053,0.030,2.486,WASTE
620015,7780015,417.5,10,10,5,-9999,0.019,2.615,SHALE
620025,7780015,417.5,10,10,5,0.130,0.020,2.576,WASTE
620035,7780015,417.5,10,10,5,0.159,0.023,2.504,WASTE
620045,7780015,417.5,10,10,5,0.258,0.024,2.621,SHALE
620055,7780015,417.5,10,10,5,0.386,0.035,2.599,SHALE
620065,7780015,417.5,10,10,5,0.171,0.015,2.660,WASTE
620075,7780015,417.5,10,10,5,0.253,0.021,2.549,WASTE
620085,7780015,417.5,10,10,5,0.674,0.011,2.539,WASTE
620095,7780015,417.5,10,10,5,0.262,0.026,2.628,WASTE
620105,7780015,417.5,10,10,5,1.094,0.076,2.622,BIF
620115,7780015,417.5,10,10,5,0.240,0.038,2.568,SHALE
620125,7780015,417.5,10,10,5,0.224,0.044,2.639,SHALE
620135,7780015,417.5,10,10,5,0.202,0.036,2.562,SHALE
620145,7780015,417.5,10,10,5,0.149,0.012,2.590,WASTE
620155,7780015,417.5,10,10,5,0.154,0.023,2.575,WASTE
620165,7780015,417.5,10,10,5,0.286,0.025,2.505,SHALE
620175,7780015,417.5,10,10,5,0.059,0.030,2.579,SHALE
620185,7780015,417.5,10,10,5,0.115,0.013,2.561,WASTE
620195,7780015,417.5,10,10,5,0.089,0.012,2.585,SHALE
620005,7780025,417.5,10,10,5,0.101,0.029,2.663,WASTE
620015,7780025,417.5,10,10,5,0.223,0.026,2.525,SHALE
620025,7780025,417.5,10,10,5,0.226,0.019,2.510,SHALE
620035,7780025,417.5,10,10,5,0.295,0.018,2.572,WASTE
620045,7780025,417.5,10,10,5,0.397,0.056,2.536,SHALE
620055,7780025,417.5,10,10,5,0.370,0.038,2.626,SHALE
620065,7780025,417.5,10,10,5,0.781,0.074,2.662,WASTE
620075,7780025,417.5,10,10,5,0.514,0.053,2.671,WASTE
620085,7780025,417.5,10,10,5,0.251,0.062,2.492,SHALE
620095,7780025,417.5,10,10,5,0.806,0.036,2.549,WASTE
620105,7780025,417.5,10,10,5,0.350,0.041,2.590,WASTE
620115,7780025,417.5,10,10,5,0.311,0.025,2.574,SHALE
620125,7780025,417.5,10,10,5,0.551,0.032,2.671,WASTE
620135,7780025,417.5,10,10,5,1.273,0.017,2.517,BIF
620145,7780025,417.5,10,10,5,0.214,0.012,2.598,SHALE
620155,7780025,417.5,10,10,5,0.275,0.011,2.483,WASTE
620165,7780025,417.5,10,10,5,0.132,0.014,2.516,SHALE
620175,7780025,417.5,10,10,5,0.119,0.014,2.524,SHALE
620185,7780025,417.5,10,10,5,0.127,0.013,2.505,WASTE
620195,7780025,417.5,10,10,5,0.056,0.009,2.499,WASTE
620005,7780035,417.5,10,10,5,0.062,0.032,2.542,SHALE
620015,7780035,417.5,10,10,5,0.140,0.029,2.468,WASTE
620025,7780035,417.5,10,10,5,0.853,0.046,2.653,WASTE
620035,7780035,417.5,10,10,5,0.377,0.030,2.586,SHALE
620045,7780035,417.5,10,10,5,0.725,0.036,2.592,SHALE
620055,7780035,417.5,10,10,5,1.104,0.048,2.513,BIF
620065,7780035,417.5,10,10,5,0.417,0.096,2.613,SHALE
620075,7780035,417.5,10,10,5,0.628,0.080,2.636,SHALE
620085,7780035,417.5,10,10,5,0.651,0.120,2.684,WASTE
620095,7780035,417.5,10,10,5,1.293,0.052,2.531,BIF
620105,7780035,417.5,10,10,5,0.734,0.113,2.696,SHALE
620115,7780035,417.5,10,10,5,0.654,0.055,2.660,SHALE
620125,7780035,417.5,10,10,5,0.639,0.022,2.608,WASTE
620135,7780035,417.5,10,10,5,0.484,0.028,2.613,WASTE
620145,7780035,417.5,10,10,5,0.676,0.024,2.606,SHALE
620155,7780035,417.5,10,10,5,0.119,0.076,2.430,SHALE
620165,7780035,417.5,10,10,5,0.260,0.041,2.592,WASTE
620175,7780035,417.5,10,10,5,0.225,0.031,2.515,SHALE
620185,7780035,417.5,10,10,5,0.127,0.013,2.599,WASTE
620195,7780035,417.5,10,10,5,0.125,0.042,2.543,WASTE
620005,7780045,417.5,10,10,5,0.238,0.018,2.548,WASTE
620015,7780045,417.5,10,10,5,0.233,0.015,2.494,WASTE
620025,7780045,417.5,10,10,5,1.023,0.027,2.577,BIF
620035,7780045,417.5,10,10,5,1.699,0.031,2.549,BIF
620045,7780045,417.5,10,10,5,1.210,0.122,2.587,BIF
620055,7780045,417.5,10,10,5,0.744,0.105,2.670,WASTE
620065,7780045,417.5,10,10,5,1.397,0.062,2.736,BIF
620075,7780045,417.5,10,10,5,1.700,0.116,2.697,BIF
620085,7780045,417.5,10,10,5,0.784,0.085,2.666,WASTE
620095,7780045,417.5,10,10,5,1.421,0.140,2.699,BIF
620105,7780045,417.5,10,10,5,0.521,0.073,2.620,WASTE
620115,7780045,417.5,10,10,5,1.452,0.145,2.659,BIF
620125,7780045,417.5,10,10,5,1.048,0.132,2.680,BIF
620135,7780045,417.5,10,10,5,1.739,0.043,2.595,BIF
620145,7780045,417.5,10,10,5,1.128,0.061,2.627,BIF
620155,7780045,417.5,10,10,5,0.321,0.037,2.583,SHALE
620165,7780045,417.5,10,10,5,0.320,0.021,2.542,SHALE
620175,7780045,417.5,10,10,5,0.329,0.014,2.547,SHALE
620185,7780045,417.5,10,10,5,0.251,0.025,2.511,SHALE
620195,7780045,417.5,10,10,5,0.096,0.012,2.544,SHALE
620005,7780055,417.5,10,10,5,0.204,0.026,2.502,WASTE
620015,7780055,417.5,10,10,5,0.759,0.034,2.604,SHALE
620025,7780055,417.5,10,10,5,0.340,0.096,2.606,WASTE
620035,7780055,417.5,10,10,5,0.478,0.049,2.598,SHALE
620045,7780055,417.5,10,10,5,0.592,0.125,2.656,SHALE
620055,7780055,417.5,10,10,5,1.469,0.270,2.642,BIF
620065,7780055,417.5,10,10,5,1.938,0.178,2.673,BIF
620075,7780055,417.5,10,10,5,1.984,0.220,2.675,BIF
620085,7780055,417.5,10,10,5,-9999,0.394,2.650,BIF
620095,7780055,417.5,10,10,5,2.609,0.470,2.700,BIF
620105,7780055,417.5,10,10,5,2.294,0.324,2.619,BIF
620115,7780055,417.5,10,10,5,1.135,0.152,2.640,BIF
620125,7780055,417.5,10,10,5,1.502,0.252,2.673,BIF
620135,7780055,417.5,10,10,5,1.346,0.145,2.661,BIF
620145,7780055,417.5,10,10,5,2.062,0.064,2.594,BIF
620155,7780055,417.5,10,10,5,0.689,0.037,2.633,WASTE
620165,7780055,417.5,10,10,5,0.534,0.116,2.596,WASTE
620175,7780055,417.5,10,10,5,0.537,0.022,2.486,WASTE
620185,7780055,417.5,10,10,5,0.278,0.031,2.587,WASTE
620195,7780055,417.5,10,10,5,0.095,0.022,2.591,SHALE
620005,7780065,417.5,10,10,5,0.557,0.025,2.550,SHALE
620015,7780065,417.5,10,10,5,0.580,0.028,2.619,SHALE
620025,7780065,417.5,10,10,5,1.062,0.071,2.613,BIF
620035,7780065,417.5,10,10,5,0.797,0.078,2.674,WASTE
620045,7780065,417.5,10,10,5,3.387,0.261,2.747,BIF
620055,7780065,417.5,10,10,5,2.933,0.462,2.768,BIF
620065,7780065,417.5,10,10,5,1.539,0.478,2.826,BIF
620075,7780065,417.5,10,10,5,3.502,0.439,2.711,BIF
620085,7780065,417.5,10,10,5,5.626,0.420,2.820,BIF
620095,7780065,417.5,10,10,5,6.349,0.470,2.721,BIF
620105,7780065,417.5,10,10,5,1.794,0.536,2.826,BIF
620115,7780065,417.5,10,10,5,3.733,0.470,2.757,BIF
620125,7780065,417.5,10,10,5,2.431,0.152,2.682,BIF
620135,7780065,417.5,10,10,5,1.003,0.169,2.622,BIF
620145,7780065,417.5,10,10,5,0.972,0.207,2.606,WASTE
620155,7780065,417.5,10,10,5,1.130,0.095,2.567,BIF
620165,7780065,417.5,10,10,5,0.508,0.083,2.604,SHALE
620175,7780065,417.5,10,10,5,1.011,0.087,2.589,BIF
620185,7780065,417.5,10,10,5,0.316,0.032,2.596,WASTE
620195,7780065,417.5,10,10,5,0.176,0.020,2.558,SHALE
620005,7780075,417.5,10,10,5,0.271,0.026,2.601,SHALE
620015,7780075,417.5,10,10,5,0.950,0.030,2.596,WASTE
620025,7780075,417.5,10,10,5,0.723,0.089,2.658,WASTE
620035,7780075,417.5,10,10,5,1.407,0.060,2.587,BIF
620045,7780075,417.5,10,10,5,1.546,0.171,2.725,BIF
620055,7780075,417.5,10,10,5,3.326,0.160,2.647,BIF
620065,7780075,417.5,10,10,5,2.795,0.188,2.858,BIF
620075,7780075,417.5,10,10,5,3.673,0.825,2.768,BIF
620085,7780075,417.5,10,10,5,6.800,0.377,2.895,BIF
620095,7780075,417.5,10,10,5,4.953,0.550,2.781,BIF
620105,7780075,417.5,10,10,5,3.524,0.609,2.811,BIF
620115,7780075,417.5,10,10,5,2.399,0.685,2.818,BIF
620125,7780075,417.5,10,10,5,4.368,0.656,2.785,BIF
620135,7780075,417.5,10,10,5,-9999,0.193,2.759,BIF
620145,7780075,417.5,10,10,5,1.543,0.279,2.716,BIF
620155,7780075,417.5,10,10,5,0.980,0.227,2.641,SHALE
620165,7780075,417.5,10,10,5,2.925,0.155,2.593,BIF
620175,7780075,417.5,10,10,5,1.012,0.044,2.541,BIF
620185,7780075,417.5,10,10,5,0.522,0.162,2.621,SHALE
620195,7780075,417.5,10,10,5,0.324,0.039,2.535,WASTE
620005,7780085,417.5,10,10,5,0.477,0.038,2.609,WASTE
620015,7780085,417.5,10,10,5,1.626,0.073,2.591,BIF
620025,7780085,417.5,10,10,5,0.813,0.276,2.721,SHALE
620035,7780085,417.5,10,10,5,2.057,0.130,2.728,BIF
620045,7780085,417.5,10,10,5,1.063,0.354,2.721,BIF
620055,7780085,417.5,10,10,5,2.317,0.156,2.823,BIF
620065,7780085,417.5,10,10,5,3.861,0.707,2.752,BIF
620075,7780085,417.5,10,10,5,3.003,0.799,2.893,BIF
620085,7780085,417.5,10,10,5,4.878,0.653,2.911,BIF
620095,7780085,417.5,10,10,5,1.496,1.209,2.908,BIF
620105,7780085,417.5,10,10,5,5.545,0.537,2.914,BIF
620115,7780085,417.5,10,10,5,4.613,1.349,2.854,BIF
620125,7780085,417.5,10,10,5,2.790,0.793,2.811,BIF
620135,7780085,417.5,10,10,5,2.236,0.291,2.818,BIF
620145,7780085,417.5,10,10,5,2.789,0.481,2.788,BIF
620155,7780085,417.5,10,10,5,2.263,0.348,2.687,BIF
620165,7780085,417.5,10,10,5,1.247,0.291,2.648,BIF
620175,7780085,417.5,10,10,5,0.858,0.057,2.642,WASTE
620185,7780085,417.5,10,10,5,0.470,0.058,2.566,WASTE
620195,7780085,417.5,10,10,5,0.384,0.052,2.556,WASTE
620005,7780095,417.5,10,10,5,0.469,0.024,2.596,WASTE
620015,7780095,417.5,10,10,5,0.959,0.027,2.695,SHALE
620025,7780095,417.5,10,10,5,1.990,0.103,2.669,BIF
620035,7780095,417.5,10,10,5,2.290,0.637,2.723,BIF
620045,7780095,417.5,10,10,5,2.601,0.174,2.826,BIF
620055,7780095,417.5,10,10,5,3.164,0.259,2.742,BIF
620065,7780095,417.5,10,10,5,2.191,0.355,2.880,BIF
620075,7780095,417.5,10,10,5,3.258,1.666,2.803,BIF
620085,7780095,417.5,10,10,5,6.045,0.813,3.048,BIF
620095,7780095,417.5,10,10,5,5.308,1.170,2.910,BIF
620105,7780095,417.5,10,10,5,2.739,0.748,2.959,BIF
620115,7780095,417.5,10,10,5,7.565,0.736,2.882,BIF
620125,7780095,417.5,10,10,5,4.233,0.923,2.921,BIF
620135,7780095,417.5,10,10,5,3.452,0.321,2.834,BIF
620145,7780095,417.5,10,10,5,1.230,0.326,2.634,BIF
620155,7780095,417.5,10,10,5,1.093,0.275,2.655,BIF
620165,7780095,417.5,10,10,5,0.863,0.055,2.608,WASTE
620175,7780095,417.5,10,10,5,1.514,0.050,2.522,BIF
620185,7780095,417.5,10,10,5,0.782,0.030,2.626,SHALE
620195,7780095,417.5,10,10,5,0.452,0.018,2.585,WASTE
620005,7780105,417.5,10,10,5,0.732,0.074,2.688,SHALE
620015,7780105,417.5,10,10,5,0.737,0.154,2.642,SHALE
620025,7780105,417.5,10,10,5,0.837,0.094,2.615,SHALE
620035,7780105,417.5,10,10,5,2.668,0.199,2.631,BIF
620045,7780105,417.5,10,10,5,6.176,0.352,2.841,BIF
620055,7780105,417.5,10,10,5,3.295,0.685,2.875,BIF
620065,7780105,417.5,10,10,5,5.090,0.621,2.906,BIF
620075,7780105,417.5,10,10,5,5.623,1.052,2.904,BIF
620085,7780105,417.5,10,10,5,5.744,0.818,2.998,BIF
620095,7780105,417.5,10,10,5,3.430,0.772,2.997,BIF
620105,7780105,417.5,10,10,5,7.911,1.166,2.964,BIF
620115,7780105,417.5,10,10,5,5.952,0.615,2.930,BIF
620125,7780105,417.5,10,10,5,3.807,0.421,3.011,BIF
620135,7780105,417.5,10,10,5,-9999,0.323,2.844,BIF
620145,7780105,417.5,10,10,5,3.528,0.309,2.763,BIF
620155,7780105,417.5,10,10,5,3.356,0.264,2.688,BIF
620165,7780105,417.5,10,10,5,2.343,0.099,2.619,BIF
620175,7780105,417.5,10,10,5,0.651,0.170,2.611,SHALE
620185,7780105,417.5,10,10,5,0.435,0.038,2.548,WASTE
620195,7780105,417.5,10,10,5,-9999,0.030,2.490,SHALE
620005,7780115,417.5,10,10,5,0.637,0.078,2.513,WASTE
620015,7780115,417.5,10,10,5,0.849,0.206,2.576,WASTE
620025,7780115,417.5,10,10,5,1.755,0.164,2.555,BIF
620035,7780115,417.5,10,10,5,1.562,0.163,2.706,BIF
620045,7780115,417.5,10,10,5,3.498,0.251,2.790,BIF
620055,7780115,417.5,10,10,5,4.321,1.558,2.865,BIF
620065,7780115,417.5,10,10,5,4.020,0.667,2.976,BIF
620075,7780115,417.5,10,10,5,4.245,0.710,2.972,BIF
620085,7780115,417.5,10,10,5,5.717,1.398,2.985,BIF
620095,7780115,417.5,10,10,5,2.836,1.174,3.015,BIF
620105,7780115,417.5,10,10,5,7.623,0.704,3.058,BIF
620115,7780115,417.5,10,10,5,8.737,1.499,2.990,BIF
620125,7780115,417.5,10,10,5,1.880,0.540,2.901,BIF
620135,7780115,417.5,10,10,5,1.483,0.782,2.757,BIF
620145,7780115,417.5,10,10,5,7.327,0.422,2.748,BIF
620155,7780115,417.5,10,10,5,1.905,0.233,2.702,BIF
620165,7780115,417.5,10,10,5,0.965,0.099,2.638,WASTE
620175,7780115,417.5,10,10,5,1.081,0.075,2.564,BIF
620185,7780115,417.5,10,10,5,0.513,0.037,2.580,WASTE
620195,7780115,417.5,10,10,5,0.666,0.018,2.581,WASTE
620005,7780125,417.5,10,10,5,0.537,0.032,2.612,SHALE
620015,7780125,417.5,10,10,5,1.811,0.137,2.594,BIF
620025,7780125,417.5,10,10,5,1.689,0.106,2.601,BIF
620035,7780125,417.5,10,10,5,3.327,0.129,2.712,BIF
620045,7780125,417.5,10,10,5,2.163,0.435,2.828,BIF
620055,7780125,417.5,10,10,5,4.015,0.456,2.878,BIF
620065,7780125,417.5,10,10,5,5.782,0.914,2.933,BIF
620075,7780125,417.5,10,10,5,6.939,0.571,2.943,BIF
620085,7780125,417.5,10,10,5,8.040,3.329,2.992,BIF
620095,7780125,417.5,10,10,5,4.987,0.646,2.948,BIF
620105,7780125,417.5,10,10,5,7.153,1.494,2.982,BIF
620115,7780125,417.5,10,10,5,5.792,2.092,2.905,BIF
620125,7780125,417.5,10,10,5,4.991,0.583,2.941,BIF
620135,7780125,417.5,10,10,5,3.958,1.049,2.807,BIF
620145,7780125,417.5,10,10,5,-9999,0.264,2.828,BIF
620155,7780125,417.5,10,10,5,1.449,0.187,2.649,BIF
620165,7780125,417.5,10,10,5,0.903,0.314,2.612,WASTE
620175,7780125,417.5,10,10,5,1.068,0.073,2.578,BIF
620185,7780125,417.5,10,10,5,0.563,0.084,2.584,SHALE
620195,7780125,417.5,10,10,5,0.167,0.098,2.675,SHALE
620005,7780135,417.5,10,10,5,0.464,0.013,2.625,SHALE
620015,7780135,417.5,10,10,5,0.511,0.099,2.634,SHALE
620025,7780135,417.5,10,10,5,1.367,0.102,2.712,BIF
620035,7780135,417.5,10,10,5,2.656,0.283,2.661,BIF
620045,7780135,417.5,10,10,5,3.713,0.663,2.729,BIF
620055,7780135,417.5,10,10,5,2.865,1.017,2.806,BIF
620065,7780135,417.5,10,10,5,2.686,0.476,2.879,BIF
620075,7780135,417.5,10,10,5,2.723,0.572,2.843,BIF
620085,7780135,417.5,10,10,5,-9999,0.794,2.843,BIF
620095,7780135,417.5,10,10,5,4.318,1.028,2.901,BIF
620105,7780135,417.5,10,10,5,4.341,2.092,2.933,BIF
620115,7780135,417.5,10,10,5,2.305,1.513,2.891,BIF
620125,7780135,417.5,10,10,5,3.477,0.722,2.870,BIF
620135,7780135,417.5,10,10,5,5.572,0.530,2.763,BIF
620145,7780135,417.5,10,10,5,4.888,0.221,2.763,BIF
620155,7780135,417.5,10,10,5,1.983,0.148,2.669,BIF
620165,7780135,417.5,10,10,5,2.407,0.110,2.607,BIF
620175,7780135,417.5,10,10,5,1.143,0.136,2.615,BIF
620185,7780135,417.5,10,10,5,0.572,0.036,2.612,SHALE
620195,7780135,417.5,10,10,5,0.206,0.051,2.591,WASTE
620005,7780145,417.5,10,10,5,0.519,0.082,2.590,WASTE
620015,7780145,417.5,10,10,5,0.727,0.129,2.602,WASTE
620025,7780145,417.5,10,10,5,0.740,0.187,2.637,SHALE
620035,7780145,417.5,10,10,5,1.238,0.231,2.550,BIF
620045,7780145,417.5,10,10,5,1.395,0.188,2.760,BIF
620055,7780145,417.5,10,10,5,2.784,0.271,2.753,BIF
620065,7780145,417.5,10,10,5,3.331,0.365,2.848,BIF
620075,7780145,417.5,10,10,5,2.950,0.340,2.881,BIF
620085,7780145,417.5,10,10,5,7.800,1.037,2.898,BIF
620095,7780145,417.5,10,10,5,5.182,0.850,2.855,BIF
620105,7780145,417.5,10,10,5,4.453,1.075,2.899,BIF
620115,7780145,417.5,10,10,5,-9999,0.523,2.910,BIF
620125,7780145,417.5,10,10,5,4.534,0.615,2.851,BIF
620135,7780145,417.5,10,10,5,2.177,0.423,2.779,BIF
620145,7780145,417.5,10,10,5,2.549,0.154,2.787,BIF
620155,7780145,417.5,10,10,5,1.142,0.380,2.652,BIF
620165,7780145,417.5,10,10,5,2.187,0.105,2.617,BIF
620175,7780145,417.5,10,10,5,0.694,0.063,2.672,WASTE
620185,7780145,417.5,10,10,5,0.579,0.025,2.492,WASTE
620195,7780145,417.5,10,10,5,0.351,0.019,2.594,WASTE
620005,7780155,417.5,10,10,5,0.519,0.022,2.588,WASTE
620015,7780155,417.5,10,10,5,0.566,0.143,2.531,SHALE
620025,7780155,417.5,10,10,5,1.532,0.089,2.582,BIF
620035,7780155,417.5,10,10,5,2.070,0.163,2.712,BIF
620045,7780155,417.5,10,10,5,2.258,0.168,2.605,BIF
620055,7780155,417.5,10,10,5,4.430,0.332,2.753,BIF
620065,7780155,417.5,10,10,5,3.781,0.225,2.709,BIF
620075,7780155,417.5,10,10,5,2.874,0.627,2.685,BIF
620085,7780155,417.5,10,10,5,3.406,0.618,2.798,BIF
620095,7780155,417.5,10,10,5,3.231,0.704,2.887,BIF
620105,7780155,417.5,10,10,5,7.955,0.834,2.795,BIF
620115,7780155,417.5,10,10,5,2.900,0.208,2.737,BIF
620125,7780155,417.5,10,10,5,4.066,0.345,2.799,BIF
620135,7780155,417.5,10,10,5,1.337,0.306,2.827,BIF
620145,7780155,417.5,10,10,5,0.969,0.410,2.724,WASTE
620155,7780155,417.5,10,10,5,1.262,0.140,2.682,BIF
620165,7780155,417.5,10,10,5,0.957,0.055,2.645,SHALE
620175,7780155,417.5,10,10,5,0.692,0.096,2.618,SHALE
620185,7780155,417.5,10,10,5,0.396,0.067,2.515,WASTE
620195,7780155,417.5,10,10,5,0.471,0.059,2.538,WASTE
620005,7780165,417.5,10,10,5,0.416,0.082,2.535,WASTE
620015,7780165,417.5,10,10,5,0.271,0.084,2.571,SHALE
620025,7780165,417.5,10,10,5,1.345,0.105,2.617,BIF
620035,7780165,417.5,10,10,5,0.978,0.144,2.671,WASTE
620045,7780165,417.5,10,10,5,2.313,0.105,2.689,BIF
620055,7780165,417.5,10,10,5,1.540,0.378,2.720,BIF
620065,7780165,417.5,10,10,5,3.765,0.172,2.712,BIF
620075,7780165,417.5,10,10,5,-9999,0.294,2.710,BIF
620085,7780165,417.5,10,10,5,2.271,0.645,2.759,BIF
620095,7780165,417.5,10,10,5,1.753,0.181,2.787,BIF
620105,7780165,417.5,10,10,5,3.510,0.451,2.744,BIF
620115,7780165,417.5,10,10,5,2.784,0.440,2.821,BIF
620125,7780165,417.5,10,10,5,2.649,0.567,2.754,BIF
620135,7780165,417.5,10,10,5,2.272,0.343,2.671,BIF
620145,7780165,417.5,10,10,5,0.678,0.090,2.659,SHALE
620155,7780165,417.5,10,10,5,1.109,0.088,2.581,BIF
620165,7780165,417.5,10,10,5,0.734,0.034,2.569,WASTE
620175,7780165,417.5,10,10,5,0.245,0.019,2.605,SHALE
620185,7780165,417.5,10,10,5,0.190,0.032,2.562,SHALE
620195,7780165,417.5,10,10,5,0.232,0.029,2.580,SHALE
620005,7780175,417.5,10,10,5,0.294,0.011,2.541,SHALE
620015,7780175,417.5,10,10,5,0.575,0.015,2.569,SHALE
620025,7780175,417.5,10,10,5,0.758,0.062,2.574,WASTE
620035,7780175,417.5,10,10,5,0.638,0.190,2.577,SHALE
620045,7780175,417.5,10,10,5,0.842,0.079,2.561,WASTE
620055,7780175,417.5,10,10,5,1.336,0.160,2.663,BIF
620065,7780175,417.5,10,10,5,1.169,0.178,2.703,BIF
620075,7780175,417.5,10,10,5,1.644,0.259,2.679,BIF
620085,7780175,417.5,10,10,5,3.114,0.215,2.661,BIF
620095,7780175,417.5,10,10,5,2.492,0.426,2.751,BIF
620105,7780175,417.5,10,10,5,5.579,0.258,2.671,BIF
620115,7780175,417.5,10,10,5,1.999,0.134,2.674,BIF
620125,7780175,417.5,10,10,5,0.956,0.183,2.670,WASTE
620135,7780175,417.5,10,10,5,0.488,0.204,2.682,SHALE
620145,7780175,417.5,10,10,5,0.951,0.093,2.634,SHALE
620155,7780175,417.5,10,10,5,0.562,0.144,2.629,WASTE
620165,7780175,417.5,10,10,5,0.637,0.072,2.606,WASTE
620175,7780175,417.5,10,10,5,0.294,0.074,2.603,SHALE
620185,7780175,417.5,10,10,5,0.452,0.020,2.613,SHALE
620195,7780175,417.5,10,10,5,0.137,0.028,2.550,WASTE
620005,7780185,417.5,10,10,5,0.149,0.024,2.556,SHALE
620015,7780185,417.5,10,10,5,0.373,0.026,2.513,SHALE
620025,7780185,417.5,10,10,5,0.439,0.050,2.671,WASTE
620035,7780185,417.5,10,10,5,0.786,0.021,2.504,WASTE
620045,7780185,417.5,10,10,5,1.233,0.161,2.660,BIF
620055,7780185,417.5,10,10,5,1.658,0.266,2.616,BIF
620065,7780185,417.5,10,10,5,0.821,0.092,2.671,SHALE
620075,7780185,417.5,10,10,5,2.846,0.065,2.697,BIF
620085,7780185,417.5,10,10,5,1.451,0.105,2.579,BIF
620095,7780185,417.5,10,10,5,3.141,0.173,2.663,BIF
620105,7780185,417.5,10,10,5,1.280,0.157,2.646,BIF
620115,7780185,417.5,10,10,5,0.394,0.140,2.674,SHALE
620125,7780185,417.5,10,10,5,2.066,0.061,2.632,BIF
620135,7780185,417.5,10,10,5,0.910,0.105,2.687,WASTE
620145,7780185,417.5,10,10,5,0.371,0.070,2.538,WASTE
620155,7780185,417.5,10,10,5,1.830,0.065,2.548,BIF
620165,7780185,417.5,10,10,5,0.245,0.080,2.606,WASTE
620175,7780185,417.5,10,10,5,0.332,0.033,2.596,WASTE
620185,7780185,417.5,10,10,5,0.225,0.023,2.526,SHALE
620195,7780185,417.5,10,10,5,0.123,0.025,2.534,SHALE
620005,7780195,417.5,10,10,5,0.348,0.012,2.610,WASTE
620015,7780195,417.5,10,10,5,0.504,0.084,2.551,SHALE
620025,7780195,417.5,10,10,5,0.331,0.020,2.556,WASTE
620035,7780195,417.5,10,10,5,0.891,0.032,2.554,SHALE
620045,7780195,417.5,10,10,5,0.344,0.038,2.558,SHALE
620055,7780195,417.5,10,10,5,0.687,0.118,2.596,WASTE
620065,7780195,417.5,10,10,5,0.451,0.108,2.651,WASTE
620075,7780195,417.5,10,10,5,0.847,0.058,2.558,WASTE
620085,7780195,417.5,10,10,5,0.496,0.069,2.593,SHALE
620095,7780195,417.5,10,10,5,1.043,0.170,2.690,BIF
620105,7780195,417.5,10,10,5,1.280,0.092,2.648,BIF
620115,7780195,417.5,10,10,5,0.770,0.065,2.715,SHALE
620125,7780195,417.5,10,10,5,0.618,0.078,2.713,WASTE
620135,7780195,417.5,10,10,5,1.094,0.057,2.664,BIF
620145,7780195,417.5,10,10,5,0.395,0.042,2.509,WASTE
620155,7780195,417.5,10,10,5,0.431,0.021,2.606,WASTE
620165,7780195,417.5,10,10,5,0.500,0.025,2.533,SHALE
620175,7780195,417.5,10,10,5,0.105,0.035,2.525,WASTE
620185,7780195,417.5,10,10,5,0.169,0.017,2.570,WASTE
620195,7780195,417.5,10,10,5,0.121,0.012,2.514,SHALE
620005,7780005,422.5,10,10,5,0.084,0.027,2.566,SHALE
620015,7780005,422.5,10,10,5,0.088,0.014,2.612,SHALE
620025,7780005,422.5,10,10,5,0.149,0.019,2.658,WASTE
620035,7780005,422.5,10,10,5,0.199,0.067,2.555,WASTE
620045,7780005,422.5,10,10,5,0.121,0.022,2.490,SHALE
620055,7780005,422.5,10,10,5,0.137,0.015,2.544,SHALE
620065,7780005,422.5,10,10,5,0.247,0.034,2.654,SHALE
620075,7780005,422.5,10,10,5,0.277,0.050,2.614,SHALE
620085,7780005,422.5,10,10,5,0.210,0.017,2.474,SHALE
620095,7780005,422.5,10,10,5,0.185,0.018,2.613,SHALE
620105,7780005,422.5,10,10,5,0.185,0.012,2.592,SHALE
620115,7780005,422.5,10,10,5,0.274,0.014,2.505,WASTE
620125,7780005,422.5,10,10,5,0.162,0.010,2.505,SHALE
620135,7780005,422.5,10,10,5,-9999,0.040,2.583,SHALE
620145,7780005,422.5,10,10,5,0.085,0.022,2.634,WASTE
620155,7780005,422.5,10,10,5,0.062,0.035,2.580,WASTE
620165,7780005,422.5,10,10,5,0.083,0.027,2.635,WASTE
620175,7780005,422.5,10,10,5,0.086,0.026,2.538,SHALE
620185,7780005,422.5,10,10,5,0.149,0.029,2.492,WASTE
620195,7780005,422.5,10,10,5,0.026,0.023,2.506,SHALE
620005,7780015,422.5,10,10,5,0.113,0.014,2.566,WASTE
620015,7780015,422.5,10,10,5,0.129,0.041,2.581,WASTE
620025,7780015,422.5,10,10,5,0.118,0.011,2.622,WASTE
620035,7780015,422.5,10,10,5,0.102,0.021,2.569,WASTE
620045,7780015,422.5,10,10,5,0.173,0.017,2.574,WASTE
620055,7780015,422.5,10,10,5,0.294,0.041,2.617,WASTE
620065,7780015,422.5,10,10,5,-9999,0.015,2.578,SHALE
620075,7780015,422.5,10,10,5,0.230,0.026,2.656,SHALE
620085,7780015,422.5,10,10,5,0.424,0.061,2.596,WASTE
620095,7780015,422.5,10,10,5,0.139,0.069,2.611,SHALE
620105,7780015,422.5,10,10,5,0.301,0.037,2.547,WASTE
620115,7780015,422.5,10,10,5,0.396,0.039,2.592,WASTE
620125,7780015,422.5,10,10,5,0.386,0.028,2.548,WASTE
620135,7780015,422.5,10,10,5,0.437,0.026,2.562,SHALE
620145,7780015,422.5,10,10,5,0.143,0.029,2.659,SHALE
620155,7780015,422.5,10,10,5,0.330,0.021,2.592,SHALE
620165,7780015,422.5,10,10,5,0.141,0.052,2.500,SHALE
620175,7780015,422.5,10,10,5,0.078,0.012,2.533,WASTE
620185,7780015,422.5,10,10,5,0.075,0.056,2.576,SHALE
620195,7780015,422.5,10,10,5,0.118,0.029,2.546,WASTE
620005,7780025,422.5,10,10,5,0.074,0.047,2.572,WASTE
620015,7780025,422.5,10,10,5,0.156,0.024,2.593,SHALE
620025,7780025,422.5,10,10,5,0.332,0.012,2.625,WASTE
620035,7780025,422.5,10,10,5,0.168,0.028,2.517,WASTE
620045,7780025,422.5,10,10,5,0.226,0.020,2.604,WASTE
620055,7780025,422.5,10,10,5,0.213,0.042,2.534,WASTE
620065,7780025,422.5,10,10,5,0.209,0.028,2.513,WASTE
620075,7780025,422.5,10,10,5,0.799,0.049,2.610,WASTE
620085,7780025,422.5,10,10,5,1.234,0.084,2.610,BIF
620095,7780025,422.5,10,10,5,0.771,0.127,2.509,SHALE
620105,7780025,422.5,10,10,5,0.623,0.050,2.627,SHALE
620115,7780025,422.5,10,10,5,0.332,0.053,2.653,WASTE
620125,7780025,422.5,10,10,5,0.355,0.054,2.591,SHALE
620135,7780025,422.5,10,10,5,0.177,0.074,2.581,SHALE
620145,7780025,422.5,10,10,5,0.327,0.035,2.546,WASTE
620155,7780025,422.5,10,10,5,0.200,0.032,2.495,SHALE
620165,7780025,422.5,10,10,5,0.424,0.012,2.664,SHALE
620175,7780025,422.5,10,10,5,0.102,0.025,2.549,SHALE
620185,7780025,422.5,10,10,5,0.122,0.040,2.573,WASTE
620195,7780025,422.5,10,10,5,0.043,0.030,2.524,SHALE
620005,7780035,422.5,10,10,5,0.327,0.012,2.606,WASTE
620015,7780035,422.5,10,10,5,0.254,0.017,2.590,WASTE
620025,7780035,422.5,10,10,5,0.273,0.032,2.497,SHALE
620035,7780035,422.5,10,10,5,0.368,0.023,2.536,SHALE
620045,7780035,422.5,10,10,5,0.474,0.049,2.611,SHALE
620055,7780035,422.5,10,10,5,0.472,0.087,2.569,WASTE
620065,7780035,422.5,10,10,5,0.520,0.059,2.574,SHALE
620075,7780035,422.5,10,10,5,1.048,0.070,2.536,BIF
620085,7780035,422.5,10,10,5,0.469,0.133,2.528,SHALE
620095,7780035,422.5,10,10,5,1.894,0.234,2.610,BIF
620105,7780035,422.5,10,10,5,0.493,0.295,2.592,WASTE
620115,7780035,422.5,10,10,5,1.051,0.060,2.624,BIF
620125,7780035,422.5,10,10,5,0.742,0.081,2.615,SHALE
620135,7780035,422.5,10,10,5,0.420,0.056,2.637,WASTE
620145,7780035,422.5,10,10,5,0.607,0.044,2.537,SHALE
620155,7780035,422.5,10,10,5,0.455,0.091,2.532,WASTE
620165,7780035,422.5,10,10,5,0.269,0.025,2.575,WASTE
620175,7780035,422.5,10,10,5,0.169,0.014,2.543,WASTE
620185,7780035,422.5,10,10,5,0.123,0.005,2.526,WASTE
620195,7780035,422.5,10,10,5,0.061,0.019,2.576,SHALE
620005,7780045,422.5,10,10,5,0.288,0.025,2.552,SHALE
620015,7780045,422.5,10,10,5,0.403,0.032,2.535,WASTE
620025,7780045,422.5,10,10,5,0.545,0.032,2.637,WASTE
620035,7780045,422.5,10,10,5,0.599,0.042,2.608,SHALE
620045,7780045,422.5,10,10,5,0.754,0.037,2.663,WASTE
620055,7780045,422.5,10,10,5,0.715,0.073,2.654,WASTE
620065,7780045,422.5,10,10,5,1.036,0.225,2.606,BIF
620075,7780045,422.5,10,10,5,0.738,0.036,2.695,SHALE
620085,7780045,422.5,10,10,5,1.889,0.169,2.693,BIF
620095,7780045,422.5,10,10,5,1.359,0.311,2.726,BIF
620105,7780045,422.5,10,10,5,1.521,0.142,2.642,BIF
620115,7780045,422.5,10,10,5,1.171,0.210,2.650,BIF
620125,7780045,422.5,10,10,5,0.505,0.092,2.593,WASTE
620135,7780045,422.5,10,10,5,0.674,0.055,2.553,WASTE
620145,7780045,422.5,10,10,5,0.561,0.081,2.685,WASTE
620155,7780045,422.5,10,10,5,0.915,0.025,2.579,SHALE
620165,7780045,422.5,10,10,5,0.441,0.052,2.548,WASTE
620175,7780045,422.5,10,10,5,0.276,0.043,2.556,SHALE
620185,7780045,422.5,10,10,5,0.182,0.023,2.524,SHALE
620195,7780045,422.5,10,10,5,0.155,0.019,2.589,WASTE
620005,7780055,422.5,10,10,5,0.200,0.017,2.636,SHALE
620015,7780055,422.5,10,10,5,0.390,0.024,2.562,WASTE
620025,7780055,422.5,10,10,5,0.597,0.018,2.571,SHALE
620035,7780055,422.5,10,10,5,0.613,0.139,2.638,SHALE
620045,7780055,422.5,10,10,5,0.595,0.119,2.620,WASTE
620055,7780055,422.5,10,10,5,4.630,0.257,2.597,BIF
620065,7780055,422.5,10,10,5,1.661,0.140,2.641,BIF
620075,7780055,422.5,10,10,5,1.293,0.263,2.652,BIF
620085,7780055,422.5,10,10,5,1.355,0.329,2.668,BIF
620095,7780055,422.5,10,10,5,2.051,0.162,2.704,BIF
620105,7780055,422.5,10,10,5,1.140,0.263,2.674,BIF
620115,7780055,422.5,10,10,5,1.009,0.357,2.657,BIF
620125,7780055,422.5,10,10,5,2.682,0.202,2.662,BIF
620135,7780055,422.5,10,10,5,1.731,0.153,2.583,BIF
620145,7780055,422.5,10,10,5,1.657,0.084,2.652,BIF
620155,7780055,422.5,10,10,5,0.504,0.062,2.583,WASTE
620165,7780055,422.5,10,10,5,0.283,0.078,2.631,SHALE
620175,7780055,422.5,10,10,5,0.441,0.020,2.611,SHALE
620185,7780055,422.5,10,10,5,0.319,0.018,2.610,SHALE
620195,7780055,422.5,10,10,5,0.152,0.013,2.554,SHALE
620005,7780065,422.5,10,10,5,0.141,0.026,2.622,WASTE
620015,7780065,422.5,10,10,5,0.235,0.087,2.570,WASTE
620025,7780065,422.5,10,10,5,1.087,0.080,2.679,BIF
620035,7780065,422.5,10,10,5,0.546,0.119,2.701,WASTE
620045,7780065,422.5,10,10,5,2.263,0.204,2.670,BIF
620055,7780065,422.5,10,10,5,0.981,0.191,2.668,WASTE
620065,7780065,422.5,10,10,5,1.951,0.571,2.839,BIF
620075,7780065,422.5,10,10,5,1.502,0.205,2.790,BIF
620085,7780065,422.5,10,10,5,4.005,0.318,2.771,BIF
620095,7780065,422.5,10,10,5,6.241,0.093,2.743,BIF
620105,7780065,422.5,10,10,5,3.669,0.219,2.753,BIF
620115,7780065,422.5,10,10,5,3.440,0.251,2.680,BIF
620125,7780065,422.5,10,10,5,-9999,0.254,2.687,BIF
620135,7780065,422.5,10,10,5,1.587,0.266,2.686,BIF
620145,7780065,422.5,10,10,5,0.859,0.079,2.649,WASTE
620155,7780065,422.5,10,10,5,1.221,0.151,2.602,BIF
620165,7780065,422.5,10,10,5,0.398,0.031,2.669,WASTE
620175,7780065,422.5,10,10,5,0.257,0.028,2.631,SHALE
620185,7780065,422.5,10,10,5,0.276,0.029,2.622,WASTE
620195,7780065,422.5,10,10,5,0.336,0.056,2.587,SHALE
620005,7780075,422.5,10,10,5,0.561,0.021,2.566,SHALE
620015,7780075,422.5,10,10,5,0.944,0.043,2.595,WASTE
620025,7780075,422.5,10,10,5,0.718,0.071,2.601,WASTE
620035,7780075,422.5,10,10,5,-9999,0.077,2.674,BIF
620045,7780075,422.5,10,10,5,2.370,0.129,2.650,BIF
620055,7780075,422.5,10,10,5,2.579,0.157,2.696,BIF
620065,7780075,422.5,10,10,5,2.016,0.611,2.742,BIF
620075,7780075,422.5,10,10,5,8.544,0.426,2.745,BIF
620085,7780075,422.5,10,10,5,1.609,0.436,2.880,BIF
620095,7780075,422.5,10,10,5,4.026,0.253,2.734,BIF
620105,7780075,422.5,10,10,5,7.318,0.857,2.768,BIF
620115,7780075,422.5,10,10,5,3.808,0.365,2.799,BIF
620125,7780075,422.5,10,10,5,2.316,0.346,2.803,BIF
620135,7780075,422.5,10,10,5,2.565,0.175,2.720,BIF
620145,7780075,422.5,10,10,5,1.053,0.327,2.555,BIF
620155,7780075,422.5,10,10,5,0.998,0.183,2.641,SHALE
620165,7780075,422.5,10,10,5,0.720,0.073,2.545,SHALE
620175,7780075,422.5,10,10,5,1.121,0.033,2.545,BIF
620185,7780075,422.5,10,10,5,0.415,0.039,2.554,WASTE
620195,7780075,422.5,10,10,5,0.200,0.016,2.666,WASTE
620005,7780085,422.5,10,10,5,0.496,0.035,2.631,SHALE
620015,7780085,422.5,10,10,5,0.546,0.059,2.521,WASTE
620025,7780085,422.5,10,10,5,0.614,0.050,2.657,SHALE
620035,7780085,422.5,10,10,5,1.244,0.380,2.771,BIF
620045,7780085,422.5,10,10,5,2.101,0.210,2.762,BIF
620055,7780085,422.5,10,10,5,1.748,0.333,2.727,BIF
620065,7780085,422.5,10,10,5,3.020,0.358,2.697,BIF
620075,7780085,422.5,10,10,5,1.536,0.413,2.790,BIF
620085,7780085,422.5,10,10,5,3.318,0.351,2.853,BIF
620095,7780085,422.5,10,10,5,2.751,1.941,2.841,BIF
620105,7780085,422.5,10,10,5,2.734,0.787,2.921,BIF
620115,7780085,422.5,10,10,5,11.459,0.741,2.748,BIF
620125,7780085,422.5,10,10,5,1.969,1.173,2.780,BIF
620135,7780085,422.5,10,10,5,1.543,0.383,2.806,BIF
620145,7780085,422.5,10,10,5,3.459,0.484,2.625,BIF
620155,7780085,422.5,10,10,5,1.505,0.148,2.670,BIF
620165,7780085,422.5,10,10,5,0.524,0.067,2.666,WASTE
620175,7780085,422.5,10,10,5,0.371,0.037,2.536,SHALE
620185,7780085,422.5,10,10,5,0.241,0.062,2.626,SHALE
620195,7780085,422.5,10,10,5,0.159,0.055,2.603,SHALE
620005,7780095,422.5,10,10,5,-9999,0.070,2.682,SHALE
620015,7780095,422.5,10,10,5,0.665,0.278,2.632,WASTE
620025,7780095,422.5,10,10,5,1.404,0.101,2.728,BIF
620035,7780095,422.5,10,10,5,2.810,0.105,2.783,BIF
620045,7780095,422.5,10,10,5,3.117,0.411,2.631,BIF
620055,7780095,422.5,10,10,5,5.549,0.299,2.879,BIF
620065,7780095,422.5,10,10,5,4.702,0.848,2.837,BIF
620075,7780095,422.5,10,10,5,2.892,0.538,2.900,BIF
620085,7780095,422.5,10,10,5,4.112,0.605,2.873,BIF
620095,7780095,422.5,10,10,5,11.157,1.620,2.941,BIF
620105,7780095,422.5,10,10,5,3.474,1.256,2.951,BIF
620115,7780095,422.5,10,10,5,3.433,0.863,2.874,BIF
620125,7780095,422.5,10,10,5,8.814,0.331,2.834,BIF
620135,7780095,422.5,10,10,5,3.445,0.172,2.782,BIF
620145,7780095,422.5,10,10,5,4.117,0.535,2.739,BIF
620155,7780095,422.5,10,10,5,2.215,0.396,2.721,BIF
620165,7780095,422.5,10,10,5,1.229,0.081,2.651,BIF
620175,7780095,422.5,10,10,5,0.843,0.045,2.559,SHALE
620185,7780095,422.5,10,10,5,0.806,0.049,2.571,SHALE
620195,7780095,422.5,10,10,5,0.358,0.026,2.556,SHALE
620005,7780105,422.5,10,10,5,0.322,0.025,2.667,SHALE
620015,7780105,422.5,10,10,5,2.541,0.096,2.654,BIF
620025,7780105,422.5,10,10,5,0.489,0.103,2.539,SHALE
620035,7780105,422.5,10,10,5,2.586,0.189,2.669,BIF
620045,7780105,422.5,10,10,5,3.606,0.995,2.783,BIF
620055,7780105,422.5,10,10,5,6.089,0.954,2.836,BIF
620065,7780105,422.5,10,10,5,2.758,1.024,2.976,BIF
620075,7780105,422.5,10,10,5,-9999,1.201,2.959,BIF
620085,7780105,422.5,10,10,5,2.634,0.631,2.895,BIF
620095,7780105,422.5,10,10,5,3.510,1.258,2.988,BIF
620105,7780105,422.5,10,10,5,5.177,0.929,2.968,BIF
620115,7780105,422.5,10,10,5,6.094,1.008,2.971,BIF
620125,7780105,422.5,10,10,5,-9999,0.300,2.850,BIF
620135,7780105,422.5,10,10,5,4.127,0.295,2.779,BIF
620145,7780105,422.5,10,10,5,1.455,0.581,2.706,BIF
620155,7780105,422.5,10,10,5,1.573,0.341,2.640,BIF
620165,7780105,422.5,10,10,5,1.553,0.162,2.665,BIF
620175,7780105,422.5,10,10,5,0.574,0.099,2.625,SHALE
620185,7780105,422.5,10,10,5,-9999,0.040,2.635,SHALE
620195,7780105,422.5,10,10,5,0.283,0.058,2.578,WASTE
620005,7780115,422.5,10,10,5,0.439,0.029,2.462,SHALE
620015,7780115,422.5,10,10,5,0.730,0.050,2.706,WASTE
620025,7780115,422.5,10,10,5,1.713,0.205,2.679,BIF
620035,7780115,422.5,10,10,5,2.837,0.488,2.702,BIF
620045,7780115,422.5,10,10,5,1.528,0.389,2.803,BIF
620055,7780115,422.5,10,10,5,4.574,0.838,2.904,BIF
620065,7780115,422.5,10,10,5,4.122,0.209,2.871,BIF
620075,7780115,422.5,10,10,5,4.610,0.751,3.014,BIF
620085,7780115,422.5,10,10,5,-9999,0.236,2.887,BIF
620095,7780115,422.5,10,10,5,3.609,1.043,2.958,BIF
620105,7780115,422.5,10,10,5,4.123,1.638,2.979,BIF
620115,7780115,422.5,10,10,5,3.322,1.685,2.941,BIF
620125,7780115,422.5,10,10,5,8.396,0.651,2.892,BIF
620135,7780115,422.5,10,10,5,3.425,0.172,2.863,BIF
620145,7780115,422.5,10,10,5,1.581,0.139,2.725,BIF
620155,7780115,422.5,10,10,5,2.584,0.190,2.707,BIF
620165,7780115,422.5,10,10,5,1.759,0.204,2.607,BIF
620175,7780115,422.5,10,10,5,3.354,0.077,2.663,BIF
620185,7780115,422.5,10,10,5,0.816,0.056,2.669,WASTE
620195,7780115,422.5,10,10,5,0.504,0.047,2.645,WASTE
620005,7780125,422.5,10,10,5,1.122,0.060,2.644,BIF
620015,7780125,422.5,10,10,5,0.977,0.140,2.600,WASTE
620025,7780125,422.5,10,10,5,1.156,0.200,2.630,BIF
620035,7780125,422.5,10,10,5,2.157,0.101,2.568,BIF
620045,7780125,422.5,10,10,5,3.751,0.650,2.838,BIF
620055,7780125,422.5,10,10,5,3.259,1.735,2.763,BIF
620065,7780125,422.5,10,10,5,2.253,1.110,2.913,BIF
620075,7780125,422.5,10,10,5,4.018,0.516,2.968,BIF
620085,7780125,422.5,10,10,5,5.614,1.636,2.956,BIF
620095,7780125,422.5,10,10,5,4.744,0.933,2.925,BIF
620105,7780125,422.5,10,10,5,7.203,1.588,2.983,BIF
620115,7780125,422.5,10,10,5,5.000,0.355,2.944,BIF
620125,7780125,422.5,10,10,5,2.013,0.699,2.859,BIF
620135,7780125,422.5,10,10,5,1.641,0.497,2.807,BIF
620145,7780125,422.5,10,10,5,2.842,0.268,2.735,BIF
620155,7780125,422.5,10,10,5,4.173,0.309,2.710,BIF
620165,7780125,422.5,10,10,5,1.270,0.346,2.572,BIF
620175,7780125,422.5,10,10,5,1.011,0.131,2.587,BIF
620185,7780125,422.5,10,10,5,0.725,0.106,2.529,WASTE
620195,7780125,422.5,10,10,5,0.270,0.021,2.698,SHALE
620005,7780135,422.5,10,10,5,0.679,0.075,2.537,SHALE
620015,7780135,422.5,10,10,5,0.672,0.066,2.619,SHALE
620025,7780135,422.5,10,10,5,1.434,0.210,2.681,BIF
620035,7780135,422.5,10,10,5,1.184,0.152,2.645,BIF
620045,7780135,422.5,10,10,5,2.550,0.235,2.722,BIF
620055,7780135,422.5,10,10,5,2.650,0.147,2.823,BIF
620065,7780135,422.5,10,10,5,3.691,0.737,2.870,BIF
620075,7780135,422.5,10,10,5,1.178,0.250,2.897,BIF
620085,7780135,422.5,10,10,5,6.269,0.857,2.959,BIF
620095,7780135,422.5,10,10,5,8.832,0.993,2.864,BIF
620105,7780135,422.5,10,10,5,3.055,0.435,2.973,BIF
620115,7780135,422.5,10,10,5,3.835,2.298,2.868,BIF
620125,7780135,422.5,10,10,5,5.061,0.632,2.908,BIF
620135,7780135,422.5,10,10,5,2.346,0.401,2.767,BIF
620145,7780135,422.5,10,10,5,2.113,0.172,2.656,BIF
620155,7780135,422.5,10,10,5,1.597,0.316,2.713,BIF
620165,7780135,422.5,10,10,5,1.537,0.132,2.654,BIF
620175,7780135,422.5,10,10,5,0.709,0.133,2.659,SHALE
620185,7780135,422.5,10,10,5,0.854,0.051,2.616,SHALE
620195,7780135,422.5,10,10,5,0.322,0.047,2.639,WASTE
620005,7780145,422.5,10,10,5,0.308,0.031,2.605,SHALE
620015,7780145,422.5,10,10,5,1.085,0.040,2.637,BIF
620025,7780145,422.5,10,10,5,1.851,0.039,2.711,BIF
620035,7780145,422.5,10,10,5,1.346,0.087,2.731,BIF
620045,7780145,422.5,10,10,5,2.480,0.392,2.717,BIF
620055,7780145,422.5,10,10,5,1.062,0.577,2.741,BIF
620065,7780145,422.5,10,10,5,3.180,0.188,2.851,BIF
620075,7780145,422.5,10,10,5,2.830,1.126,2.832,BIF
620085,7780145,422.5,10,10,5,3.387,0.629,2.876,BIF
620095,7780145,422.5,10,10,5,7.327,0.828,2.842,BIF
620105,7780145,422.5,10,10,5,3.801,0.592,2.852,BIF
620115,7780145,422.5,10,10,5,2.218,0.802,2.849,BIF
620125,7780145,422.5,10,10,5,3.475,0.620,2.771,BIF
620135,7780145,422.5,10,10,5,1.548,0.294,2.713,BIF
620145,7780145,422.5,10,10,5,1.992,0.343,2.676,BIF
620155,7780145,422.5,10,10,5,0.757,0.212,2.559,SHALE
620165,7780145,422.5,10,10,5,0.512,0.148,2.541,WASTE
620175,7780145,422.5,10,10,5,0.734,0.037,2.705,WASTE
620185,7780145,422.5,10,10,5,0.658,0.043,2.620,SHALE
620195,7780145,422.5,10,10,5,0.540,0.038,2.583,SHALE
620005,7780155,422.5,10,10,5,0.401,0.053,2.555,WASTE
620015,7780155,422.5,10,10,5,0.433,0.060,2.595,SHALE
620025,7780155,422.5,10,10,5,0.666,0.118,2.729,WASTE
620035,7780155,422.5,10,10,5,2.255,0.125,2.720,BIF
620045,7780155,422.5,10,10,5,1.517,0.077,2.632,BIF
620055,7780155,422.5,10,10,5,2.330,0.139,2.758,BIF
620065,7780155,422.5,10,10,5,3.049,0.612,2.732,BIF
620075,7780155,422.5,10,10,5,2.367,0.852,2.799,BIF
620085,7780155,422.5,10,10,5,2.832,1.303,2.849,BIF
620095,7780155,422.5,10,10,5,4.951,0.505,2.774,BIF
620105,7780155,422.5,10,10,5,5.766,0.428,2.788,BIF
620115,7780155,422.5,10,10,5,0.964,0.197,2.944,WASTE
620125,7780155,422.5,10,10,5,5.556,0.330,2.760,BIF
620135,7780155,422.5,10,10,5,2.924,0.476,2.645,BIF
620145,7780155,422.5,10,10,5,1.909,0.313,2.660,BIF
620155,7780155,422.5,10,10,5,1.337,0.160,2.593,BIF
620165,7780155,422.5,10,10,5,-9999,0.051,2.583,BIF
620175,7780155,422.5,10,10,5,0.233,0.061,2.512,SHALE
620185,7780155,422.5,10,10,5,0.788,0.055,2.558,SHALE
620195,7780155,422.5,10,10,5,0.143,0.043,2.628,WASTE
620005,7780165,422.5,10,10,5,0.329,0.030,2.462,WASTE
620015,7780165,422.5,10,10,5,0.383,0.038,2.517,WASTE
620025,7780165,422.5,10,10,5,0.586,0.038,2.543,SHALE
620035,7780165,422.5,10,10,5,0.814,0.066,2.662,WASTE
620045,7780165,422.5,10,10,5,2.231,0.137,2.661,BIF
620055,7780165,422.5,10,10,5,0.805,0.230,2.712,WASTE
620065,7780165,422.5,10,10,5,0.940,0.283,2.600,WASTE
620075,7780165,422.5,10,10,5,3.692,0.344,2.685,BIF
620085,7780165,422.5,10,10,5,2.119,0.488,2.766,BIF
620095,7780165,422.5,10,10,5,1.745,0.198,2.673,BIF
620105,7780165,422.5,10,10,5,4.110,0.361,2.778,BIF
620115,7780165,422.5,10,10,5,1.630,0.244,2.675,BIF
620125,7780165,422.5,10,10,5,2.517,0.253,2.689,BIF
620135,7780165,422.5,10,10,5,3.610,0.183,2.721,BIF
620145,7780165,422.5,10,10,5,1.821,0.164,2.683,BIF
620155,7780165,422.5,10,10,5,1.605,0.050,2.676,BIF
620165,7780165,422.5,10,10,5,0.531,0.097,2.599,WASTE
620175,7780165,422.5,10,10,5,0.357,0.055,2.569,SHALE
620185,7780165,422.5,10,10,5,0.437,0.027,2.572,WASTE
620195,7780165,422.5,10,10,5,0.249,0.015,2.562,SHALE
620005,7780175,422.5,10,10,5,0.189,0.032,2.595,WASTE
620015,7780175,422.5,10,10,5,0.412,0.040,2.553,WASTE
620025,7780175,422.5,10,10,5,0.313,0.039,2.602,SHALE
620035,7780175,422.5,10,10,5,0.638,0.018,2.550,WASTE
620045,7780175,422.5,10,10,5,1.366,0.054,2.603,BIF
620055,7780175,422.5,10,10,5,1.750,0.081,2.688,BIF
620065,7780175,422.5,10,10,5,3.478,0.269,2.661,BIF
620075,7780175,422.5,10,10,5,1.165,0.084,2.727,BIF
620085,7780175,422.5,10,10,5,4.785,0.410,2.744,BIF
620095,7780175,422.5,10,10,5,1.506,0.108,2.608,BIF
620105,7780175,422.5,10,10,5,4.310,0.261,2.755,BIF
620115,7780175,422.5,10,10,5,2.275,0.249,2.761,BIF
620125,7780175,422.5,10,10,5,2.278,0.064,2.635,BIF
620135,7780175,422.5,10,10,5,1.256,0.075,2.611,BIF
620145,7780175,422.5,10,10,5,0.747,0.028,2.660,WASTE
620155,7780175,422.5,10,10,5,0.687,0.037,2.613,SHALE
620165,7780175,422.5,10,10,5,0.534,0.050,2.575,WASTE
620175,7780175,422.5,10,10,5,0.750,0.025,2.535,WASTE
620185,7780175,422.5,10,10,5,0.226,0.024,2.498,WASTE
620195,7780175,422.5,10,10,5,0.380,0.022,2.583,WASTE
620005,7780185,422.5,10,10,5,0.134,0.013,2.610,SHALE
620015,7780185,422.5,10,10,5,0.232,0.044,2.608,WASTE
620025,7780185,422.5,10,10,5,0.906,0.023,2.580,SHALE
620035,7780185,422.5,10,10,5,0.572,0.009,2.572,WASTE
620045,7780185,422.5,10,10,5,0.990,0.055,2.645,SHALE
620055,7780185,422.5,10,10,5,1.372,0.058,2.662,BIF
620065,7780185,422.5,10,10,5,1.378,0.119,2.725,BIF
620075,7780185,422.5,10,10,5,1.220,0.059,2.747,BIF
620085,7780185,422.5,10,10,5,1.256,0.100,2.729,BIF
620095,7780185,422.5,10,10,5,1.237,0.418,2.587,BIF
620105,7780185,422.5,10,10,5,1.142,0.132,2.709,BIF
620115,7780185,422.5,10,10,5,0.623,0.094,2.605,SHALE
620125,7780185,422.5,10,10,5,0.776,0.077,2.670,WASTE
620135,7780185,422.5,10,10,5,0.894,0.054,2.687,SHALE
620145,7780185,422.5,10,10,5,0.577,0.064,2.627,SHALE
620155,7780185,422.5,10,10,5,0.523,0.026,2.530,WASTE
620165,7780185,422.5,10,10,5,0.360,0.062,2.610,SHALE
620175,7780185,422.5,10,10,5,0.225,0.015,2.564,WASTE
620185,7780185,422.5,10,10,5,0.273,0.024,2.577,SHALE
620195,7780185,422.5,10,10,5,0.060,0.032,2.632,SHALE
620005,7780195,422.5,10,10,5,0.043,0.046,2.496,SHALE
620015,7780195,422.5,10,10,5,0.307,0.022,2.494,SHALE
620025,7780195,422.5,10,10,5,0.602,0.029,2.442,WASTE
620035,7780195,422.5,10,10,5,0.260,0.040,2.579,SHALE
620045,7780195,422.5,10,10,5,0.451,0.062,2.651,WASTE
620055,7780195,422.5,10,10,5,0.674,0.041,2.586,WASTE
620065,7780195,422.5,10,10,5,0.744,0.127,2.631,SHALE
620075,7780195,422.5,10,10,5,1.278,0.105,2.601,BIF
620085,7780195,422.5,10,10,5,0.730,0.063,2.615,SHALE
620095,7780195,422.5,10,10,5,0.942,0.053,2.560,WASTE
620105,7780195,422.5,10,10,5,1.216,0.073,2.683,BIF
620115,7780195,422.5,10,10,5,1.589,0.047,2.672,BIF
620125,7780195,422.5,10,10,5,0.941,0.047,2.554,WASTE
620135,7780195,422.5,10,10,5,0.542,0.030,2.568,SHALE
620145,7780195,422.5,10,10,5,0.352,0.015,2.579,WASTE
620155,7780195,422.5,10,10,5,0.144,0.033,2.652,WASTE
620165,7780195,422.5,10,10,5,0.464,0.032,2.527,WASTE
620175,7780195,422.5,10,10,5,0.244,0.029,2.616,WASTE
620185,7780195,422.5,10,10,5,0.196,0.037,2.542,WASTE
620195,7780195,422.5,10,10,5,0.116,0.014,2.528,WASTE
620005,7780005,427.5,10,10,5,0.033,0.018,2.530,WASTE
620015,7780005,427.5,10,10,5,0.112,0.019,2.508,SHALE
620025,7780005,427.5,10,10,5,0.224,0.011,2.500,WASTE
620035,7780005,427.5,10,10,5,0.140,0.035,2.487,SHALE
620045,7780005,427.5,10,10,5,0.103,0.022,2.472,WASTE
620055,7780005,427.5,10,10,5,0.185,0.022,2.608,WASTE
620065,7780005,427.5,10,10,5,-9999,0.020,2.557,WASTE
620075,7780005,427.5,10,10,5,0.241,0.029,2.612,WASTE
620085,7780005,427.5,10,10,5,0.189,0.011,2.542,SHALE
620095,7780005,427.5,10,10,5,0.199,0.018,2.615,WASTE
620105,7780005,427.5,10,10,5,0.273,0.051,2.588,WASTE
620115,7780005,427.5,10,10,5,0.155,0.018,2.548,SHALE
620125,7780005,427.5,10,10,5,0.081,0.021,2.516,WASTE
620135,7780005,427.5,10,10,5,0.082,0.034,2.569,SHALE
620145,7780005,427.5,10,10,5,0.095,0.024,2.528,WASTE
620155,7780005,427.5,10,10,5,0.086,0.033,2.493,SHALE
620165,7780005,427.5,10,10,5,0.097,0.020,2.596,SHALE
620175,7780005,427.5,10,10,5,0.046,0.023,2.601,SHALE
620185,7780005,427.5,10,10,5,0.027,0.019,2.611,SHALE
620195,7780005,427.5,10,10,5,0.065,0.010,2.563,WASTE
620005,7780015,427.5,10,10,5,0.038,0.018,2.574,WASTE
620015,7780015,427.5,10,10,5,0.078,0.022,2.555,WASTE
620025,7780015,427.5,10,10,5,0.099,0.014,2.559,SHALE
620035,7780015,427.5,10,10,5,0.103,0.022,2.595,SHALE
620045,7780015,427.5,10,10,5,0.093,0.028,2.530,SHALE
620055,7780015,427.5,10,10,5,0.610,0.023,2.503,SHALE
620065,7780015,427.5,10,10,5,0.183,0.036,2.663,WASTE
620075,7780015,427.5,10,10,5,0.273,0.036,2.642,WASTE
620085,7780015,427.5,10,10,5,0.550,0.026,2.598,WASTE
620095,7780015,427.5,10,10,5,0.205,0.027,2.623,WASTE
620105,7780015,427.5,10,10,5,0.268,0.017,2.661,WASTE
620115,7780015,427.5,10,10,5,0.180,0.017,2.494,WASTE
620125,7780015,427.5,10,10,5,0.515,0.058,2.513,SHALE
620135,7780015,427.5,10,10,5,0.188,0.018,2.555,SHALE
620145,7780015,427.5,10,10,5,0.120,0.014,2.438,SHALE
620155,7780015,427.5,10,10,5,0.245,0.031,2.658,SHALE
620165,7780015,427.5,10,10,5,0.086,0.021,2.685,WASTE
620175,7780015,427.5,10,10,5,0.069,0.033,2.572,WASTE
620185,7780015,427.5,10,10,5,0.052,0.020,2.542,SHALE
620195,7780015,427.5,10,10,5,0.066,0.023,2.675,SHALE
620005,7780025,427.5,10,10,5,0.137,0.018,2.580,SHALE
620015,7780025,427.5,10,10,5,0.181,0.009,2.552,SHALE
620025,7780025,427.5,10,10,5,0.117,0.015,2.586,SHALE
620035,7780025,427.5,10,10,5,0.278,0.027,2.618,SHALE
620045,7780025,427.5,10,10,5,0.171,0.012,2.512,WASTE
620055,7780025,427.5,10,10,5,0.344,0.012,2.551,SHALE
620065,7780025,427.5,10,10,5,0.270,0.028,2.582,WASTE
620075,7780025,427.5,10,10,5,0.214,0.035,2.614,WASTE
620085,7780025,427.5,10,10,5,1.097,0.021,2.590,BIF
620095,7780025,427.5,10,10,5,0.439,0.085,2.584,WASTE
620105,7780025,427.5,10,10,5,0.436,0.022,2.629,WASTE
620115,7780025,427.5,10,10,5,0.400,0.047,2.519,SHALE
620125,7780025,427.5,10,10,5,0.476,0.018,2.551,WASTE
620135,7780025,427.5,10,10,5,0.414,0.031,2.612,WASTE
620145,7780025,427.5,10,10,5,0.254,0.021,2.624,WASTE
620155,7780025,427.5,10,10,5,0.387,0.016,2.608,SHALE
620165,7780025,427.5,10,10,5,0.059,0.027,2.488,SHALE
620175,7780025,427.5,10,10,5,0.065,0.009,2.525,SHALE
620185,7780025,427.5,10,10,5,0.044,0.029,2.525,SHALE
620195,7780025,427.5,10,10,5,0.085,0.027,2.544,SHALE
620005,7780035,427.5,10,10,5,0.165,0.019,2.572,SHALE
620015,7780035,427.5,10,10,5,0.084,0.020,2.618,WASTE
620025,7780035,427.5,10,10,5,0.112,0.069,2.587,SHALE
620035,7780035,427.5,10,10,5,0.307,0.020,2.599,SHALE
620045,7780035,427.5,10,10,5,0.297,0.064,2.567,WASTE
620055,7780035,427.5,10,10,5,0.443,0.042,2.412,WASTE
620065,7780035,427.5,10,10,5,0.445,0.065,2.615,SHALE
620075,7780035,427.5,10,10,5,0.795,0.033,2.642,WASTE
620085,7780035,427.5,10,10,5,1.016,0.029,2.595,BIF
620095,7780035,427.5,10,10,5,0.589,0.078,2.525,WASTE
620105,7780035,427.5,10,10,5,0.553,0.035,2.647,WASTE
620115,7780035,427.5,10,10,5,0.725,0.090,2.631,WASTE
620125,7780035,427.5,10,10,5,0.342,0.086,2.666,WASTE
620135,7780035,427.5,10,10,5,0.474,0.041,2.654,WASTE
620145,7780035,427.5,10,10,5,0.390,0.050,2.565,SHALE
620155,7780035,427.5,10,10,5,0.219,0.055,2.620,WASTE
620165,7780035,427.5,10,10,5,0.236,0.033,2.616,WASTE
620175,7780035,427.5,10,10,5,0.147,0.028,2.595,SHALE
620185,7780035,427.5,10,10,5,0.103,0.015,2.529,WASTE
620195,7780035,427.5,10,10,5,0.149,0.029,2.574,WASTE
620005,7780045,427.5,10,10,5,0.106,0.031,2.605,WASTE
620015,7780045,427.5,10,10,5,0.199,0.046,2.590,WASTE
620025,7780045,427.5,10,10,5,0.246,0.014,2.539,WASTE
620035,7780045,427.5,10,10,5,0.245,0.054,2.460,SHALE
620045,7780045,427.5,10,10,5,0.351,0.044,2.569,SHALE
620055,7780045,427.5,10,10,5,0.504,0.046,2.583,SHALE
620065,7780045,427.5,10,10,5,0.498,0.052,2.708,WASTE
620075,7780045,427.5,10,10,5,0.795,0.111,2.588,WASTE
620085,7780045,427.5,10,10,5,1.464,0.087,2.621,BIF
620095,7780045,427.5,10,10,5,1.444,0.156,2.702,BIF
620105,7780045,427.5,10,10,5,0.878,0.085,2.619,WASTE
620115,7780045,427.5,10,10,5,1.465,0.107,2.639,BIF
620125,7780045,427.5,10,10,5,0.754,0.030,2.658,WASTE
620135,7780045,427.5,10,10,5,0.596,0.023,2.573,SHALE
620145,7780045,427.5,10,10,5,0.796,0.043,2.604,SHALE
620155,7780045,427.5,10,10,5,0.747,0.022,2.546,SHALE
620165,7780045,427.5,10,10,5,0.379,0.029,2.597,SHALE
620175,7780045,427.5,10,10,5,0.189,0.008,2.571,SHALE
620185,7780045,427.5,10,10,5,0.259,0.025,2.585,SHALE
620195,7780045,427.5,10,10,5,0.099,0.004,2.573,SHALE
620005,7780055,427.5,10,10,5,0.126,0.036,2.625,WASTE
620015,7780055,427.5,10,10,5,0.118,0.035,2.631,SHALE
620025,7780055,427.5,10,10,5,0.535,0.044,2.517,SHALE
620035,7780055,427.5,10,10,5,0.626,0.040,2.695,SHALE
620045,7780055,427.5,10,10,5,1.250,0.084,2.561,BIF
620055,7780055,427.5,10,10,5,0.516,0.091,2.600,SHALE
620065,7780055,427.5,10,10,5,0.594,0.097,2.666,WASTE
620075,7780055,427.5,10,10,5,1.268,0.146,2.609,BIF
620085,7780055,427.5,10,10,5,1.004,0.245,2.670,BIF
620095,7780055,427.5,10,10,5,1.667,0.136,2.623,BIF
620105,7780055,427.5,10,10,5,1.387,0.148,2.628,BIF
620115,7780055,427.5,10,10,5,1.046,0.306,2.648,BIF
620125,7780055,427.5,10,10,5,0.496,0.116,2.665,WASTE
620135,7780055,427.5,10,10,5,0.558,0.067,2.707,WASTE
620145,7780055,427.5,10,10,5,0.562,0.030,2.577,SHALE
620155,7780055,427.5,10,10,5,0.367,0.072,2.625,WASTE
620165,7780055,427.5,10,10,5,0.572,0.018,2.638,WASTE
620175,7780055,427.5,10,10,5,0.491,0.024,2.508,SHALE
620185,7780055,427.5,10,10,5,0.179,0.008,2.478,SHALE
620195,7780055,427.5,10,10,5,0.120,0.066,2.474,WASTE
620005,7780065,427.5,10,10,5,0.353,0.027,2.543,WASTE
620015,7780065,427.5,10,10,5,0.231,0.027,2.631,WASTE
620025,7780065,427.5,10,10,5,0.802,0.067,2.602,SHALE
620035,7780065,427.5,10,10,5,0.888,0.065,2.660,WASTE
620045,7780065,427.5,10,10,5,1.755,0.051,2.629,BIF
620055,7780065,427.5,10,10,5,1.044,0.162,2.760,BIF
620065,7780065,427.5,10,10,5,2.939,0.168,2.650,BIF
620075,7780065,427.5,10,10,5,2.051,0.174,2.667,BIF
620085,7780065,427.5,10,10,5,1.689,0.056,2.721,BIF
620095,7780065,427.5,10,10,5,2.937,0.202,2.609,BIF
620105,7780065,427.5,10,10,5,2.445,0.320,2.703,BIF
620115,7780065,427.5,10,10,5,3.634,0.087,2.678,BIF
620125,7780065,427.5,10,10,5,1.424,0.190,2.657,BIF
620135,7780065,427.5,10,10,5,1.524,0.129,2.603,BIF
620145,7780065,427.5,10,10,5,0.658,0.102,2.637,WASTE
620155,7780065,427.5,10,10,5,0.593,0.107,2.684,SHALE
620165,7780065,427.5,10,10,5,1.409,0.054,2.543,BIF
620175,7780065,427.5,10,10,5,0.226,0.029,2.595,SHALE
620185,7780065,427.5,10,10,5,0.134,0.032,2.505,WASTE
620195,7780065,427.5,10,10,5,0.103,0.031,2.588,WASTE
620005,7780075,427.5,10,10,5,0.340,0.060,2.536,SHALE
620015,7780075,427.5,10,10,5,0.349,0.041,2.567,WASTE
620025,7780075,427.5,10,10,5,0.677,0.054,2.634,SHALE
620035,7780075,427.5,10,10,5,0.842,0.059,2.738,SHALE
620045,7780075,427.5,10,10,5,0.634,0.129,2.691,WASTE
620055,7780075,427.5,10,10,5,1.492,0.254,2.726,BIF
620065,7780075,427.5,10,10,5,2.798,0.112,2.686,BIF
620075,7780075,427.5,10,10,5,2.248,0.253,2.631,BIF
620085,7780075,427.5,10,10,5,2.007,0.425,2.735,BIF
620095,7780075,427.5,10,10,5,4.285,0.268,2.752,BIF
620105,7780075,427.5,10,10,5,6.514,0.175,2.698,BIF
620115,7780075,427.5,10,10,5,1.015,0.401,2.725,BIF
620125,7780075,427.5,10,10,5,3.867,0.205,2.674,BIF
620135,7780075,427.5,10,10,5,1.048,0.122,2.696,BIF
620145,7780075,427.5,10,10,5,0.888,0.196,2.574,SHALE
620155,7780075,427.5,10,10,5,1.215,0.136,2.622,BIF
620165,7780075,427.5,10,10,5,1.055,0.040,2.621,BIF
620175,7780075,427.5,10,10,5,0.642,0.018,2.723,WASTE
620185,7780075,427.5,10,10,5,0.321,0.010,2.584,SHALE
620195,7780075,427.5,10,10,5,0.197,0.013,2.475,WASTE
620005,7780085,427.5,10,10,5,0.325,0.026,2.551,WASTE
620015,7780085,427.5,10,10,5,0.692,0.048,2.601,WASTE
620025,7780085,427.5,10,10,5,1.789,0.164,2.590,BIF
620035,7780085,427.5,10,10,5,0.870,0.122,2.647,SHALE
620045,7780085,427.5,10,10,5,1.071,0.433,2.628,BIF
620055,7780085,427.5,10,10,5,4.910,0.251,2.643,BIF
620065,7780085,427.5,10,10,5,-9999,0.604,2.759,WASTE
620075,7780085,427.5,10,10,5,3.181,0.132,2.769,BIF
620085,7780085,427.5,10,10,5,2.127,0.919,2.866,BIF
620095,7780085,427.5,10,10,5,2.589,0.297,2.833,BIF
620105,7780085,427.5,10,10,5,3.525,0.608,2.817,BIF
620115,7780085,427.5,10,10,5,1.563,0.345,2.783,BIF
620125,7780085,427.5,10,10,5,2.503,0.542,2.786,BIF
620135,7780085,427.5,10,10,5,2.144,0.447,2.728,BIF
620145,7780085,427.5,10,10,5,1.792,0.338,2.677,BIF
620155,7780085,427.5,10,10,5,1.302,0.202,2.556,BIF
620165,7780085,427.5,10,10,5,0.907,0.082,2.532,SHALE
620175,7780085,427.5,10,10,5,0.680,0.071,2.545,WASTE
620185,7780085,427.5,10,10,5,0.209,0.007,2.546,WASTE
620195,7780085,427.5,10,10,5,0.507,0.016,2.536,SHALE
620005,7780095,427.5,10,10,5,0.478,0.014,2.615,WASTE
620015,7780095,427.5,10,10,5,0.563,0.060,2.561,WASTE
620025,7780095,427.5,10,10,5,-9999,0.039,2.798,BIF
620035,7780095,427.5,10,10,5,1.632,0.149,2.604,BIF
620045,7780095,427.5,10,10,5,2.882,0.228,2.707,BIF
620055,7780095,427.5,10,10,5,2.623,0.431,2.774,BIF
620065,7780095,427.5,10,10,5,2.320,0.535,2.772,BIF
620075,7780095,427.5,10,10,5,1.866,0.793,2.758,BIF
620085,7780095,427.5,10,10,5,6.823,1.225,2.773,BIF
620095,7780095,427.5,10,10,5,3.712,0.334,2.943,BIF
620105,7780095,427.5,10,10,5,4.185,0.684,2.754,BIF
620115,7780095,427.5,10,10,5,2.009,0.262,2.834,BIF
620125,7780095,427.5,10,10,5,3.968,0.262,2.779,BIF
620135,7780095,427.5,10,10,5,1.391,0.279,2.772,BIF
620145,7780095,427.5,10,10,5,4.306,0.183,2.688,BIF
620155,7780095,427.5,10,10,5,1.941,0.157,2.539,BIF
620165,7780095,427.5,10,10,5,0.791,0.055,2.619,SHALE
620175,7780095,427.5,10,10,5,0.873,0.037,2.613,WASTE
620185,7780095,427.5,10,10,5,0.188,0.055,2.599,SHALE
620195,7780095,427.5,10,10,5,0.199,0.026,2.508,WASTE
620005,7780105,427.5,10,10,5,0.155,0.066,2.487,SHALE
620015,7780105,427.5,10,10,5,0.945,0.037,2.632,WASTE
620025,7780105,427.5,10,10,5,1.209,0.042,2.635,BIF
620035,7780105,427.5,10,10,5,1.160,0.181,2.616,BIF
620045,7780105,427.5,10,10,5,1.251,0.213,2.732,BIF
620055,7780105,427.5,10,10,5,4.493,0.869,2.824,BIF
620065,7780105,427.5,10,10,5,4.429,0.847,2.717,BIF
620075,7780105,427.5,10,10,5,6.385,0.308,2.747,BIF
620085,7780105,427.5,10,10,5,2.957,0.836,2.981,BIF
620095,7780105,427.5,10,10,5,4.006,0.555,2.943,BIF
620105,7780105,427.5,10,10,5,3.855,0.266,2.903,BIF
620115,7780105,427.5,10,10,5,7.125,0.660,2.866,BIF
620125,7780105,427.5,10,10,5,4.091,0.688,2.756,BIF
620135,7780105,427.5,10,10,5,-9999,0.247,2.795,BIF
620145,7780105,427.5,10,10,5,1.997,0.135,2.745,BIF
620155,7780105,427.5,10,10,5,0.780,0.181,2.570,WASTE
620165,7780105,427.5,10,10,5,0.920,0.157,2.591,SHALE
620175,7780105,427.5,10,10,5,0.418,0.163,2.703,WASTE
620185,7780105,427.5,10,10,5,1.247,0.042,2.611,BIF
620195,7780105,427.5,10,10,5,0.560,0.014,2.507,SHALE
620005,7780115,427.5,10,10,5,0.302,0.045,2.557,SHALE
620015,7780115,427.5,10,10,5,0.244,0.044,2.577,SHALE
620025,7780115,427.5,10,10,5,0.512,0.157,2.631,WASTE
620035,7780115,427.5,10,10,5,1.308,0.276,2.675,BIF
620045,7780115,427.5,10,10,5,3.523,0.154,2.599,BIF
620055,7780115,427.5,10,10,5,2.080,0.595,2.772,BIF
620065,7780115,427.5,10,10,5,2.652,0.662,2.715,BIF
620075,7780115,427.5,10,10,5,4.880,0.467,2.820,BIF
620085,7780115,427.5,10,10,5,6.476,1.078,2.914,BIF
620095,7780115,427.5,10,10,5,6.624,0.812,2.823,BIF
620105,7780115,427.5,10,10,5,3.898,1.218,2.785,BIF
620115,7780115,427.5,10,10,5,4.486,0.633,2.816,BIF
620125,7780115,427.5,10,10,5,2.567,0.354,2.803,BIF
620135,7780115,427.5,10,10,5,2.298,0.301,2.783,BIF
620145,7780115,427.5,10,10,5,1.436,0.219,2.660,BIF
620155,7780115,427.5,10,10,5,0.914,0.186,2.714,SHALE
620165,7780115,427.5,10,10,5,0.687,0.055,2.551,WASTE
620175,7780115,427.5,10,10,5,0.675,0.043,2.675,WASTE
620185,7780115,427.5,10,10,5,0.402,0.023,2.580,SHALE
620195,7780115,427.5,10,10,5,0.456,0.024,2.617,SHALE
620005,7780125,427.5,10,10,5,0.256,0.043,2.647,WASTE
620015,7780125,427.5,10,10,5,0.428,0.030,2.567,SHALE
620025,7780125,427.5,10,10,5,1.082,0.149,2.667,BIF
620035,7780125,427.5,10,10,5,1.929,0.115,2.668,BIF
620045,7780125,427.5,10,10,5,2.460,0.145,2.746,BIF
620055,7780125,427.5,10,10,5,4.153,0.484,2.801,BIF
620065,7780125,427.5,10,10,5,5.261,0.612,2.863,BIF
620075,7780125,427.5,10,10,5,6.054,0.793,2.776,BIF
620085,7780125,427.5,10,10,5,7.463,0.850,2.851,BIF
620095,7780125,427.5,10,10,5,2.418,0.688,2.946,BIF
620105,7780125,427.5,10,10,5,2.415,0.403,2.914,BIF
620115,7780125,427.5,10,10,5,3.386,0.751,2.808,BIF
620125,7780125,427.5,10,10,5,1.149,0.262,2.879,BIF
620135,7780125,427.5,10,10,5,2.623,0.161,2.732,BIF
620145,7780125,427.5,10,10,5,1.298,0.306,2.701,BIF
620155,7780125,427.5,10,10,5,2.545,0.124,2.697,BIF
620165,7780125,427.5,10,10,5,0.445,0.206,2.713,SHALE
620175,7780125,427.5,10,10,5,0.644,0.056,2.659,SHALE
620185,7780125,427.5,10,10,5,0.492,0.041,2.452,SHALE
620195,7780125,427.5,10,10,5,0.154,0.045,2.598,WASTE
620005,7780135,427.5,10,10,5,0.461,0.042,2.651,WASTE
620015,7780135,427.5,10,10,5,0.630,0.102,2.643,SHALE
620025,7780135,427.5,10,10,5,1.459,0.058,2.639,BIF
620035,7780135,427.5,10,10,5,0.728,0.218,2.646,SHALE
620045,7780135,427.5,10,10,5,0.940,0.075,2.715,SHALE
620055,7780135,427.5,10,10,5,0.769,0.503,2.719,SHALE
620065,7780135,427.5,10,10,5,1.636,0.544,2.728,BIF
620075,7780135,427.5,10,10,5,2.774,0.652,2.856,BIF
620085,7780135,427.5,10,10,5,1.574,0.249,2.822,BIF
620095,7780135,427.5,10,10,5,4.958,0.696,2.764,BIF
620105,7780135,427.5,10,10,5,2.697,0.781,2.768,BIF
620115,7780135,427.5,10,10,5,3.022,0.357,2.703,BIF
620125,7780135,427.5,10,10,5,1.942,0.220,2.839,BIF
620135,7780135,427.5,10,10,5,2.813,0.409,2.707,BIF
620145,7780135,427.5,10,10,5,1.700,0.224,2.691,BIF
620155,7780135,427.5,10,10,5,1.072,0.088,2.607,BIF
620165,7780135,427.5,10,10,5,0.761,0.240,2.636,WASTE
620175,7780135,427.5,10,10,5,0.650,0.019,2.644,WASTE
620185,7780135,427.5,10,10,5,0.361,0.069,2.681,SHALE
620195,7780135,427.5,10,10,5,0.189,0.059,2.547,WASTE
620005,7780145,427.5,10,10,5,0.358,0.040,2.646,SHALE
620015,7780145,427.5,10,10,5,0.562,0.043,2.499,SHALE
620025,7780145,427.5,10,10,5,0.513,0.062,2.661,SHALE
620035,7780145,427.5,10,10,5,2.530,0.093,2.645,BIF
620045,7780145,427.5,10,10,5,1.117,0.174,2.692,BIF
620055,7780145,427.5,10,10,5,1.487,0.313,2.694,BIF
620065,7780145,427.5,10,10,5,1.421,0.436,2.818,BIF
620075,7780145,427.5,10,10,5,1.153,0.563,2.743,BIF
620085,7780145,427.5,10,10,5,2.340,0.308,2.786,BIF
620095,7780145,427.5,10,10,5,3.764,0.386,2.850,BIF
620105,7780145,427.5,10,10,5,0.888,0.273,2.802,WASTE
620115,7780145,427.5,10,10,5,4.073,0.592,2.722,BIF
620125,7780145,427.5,10,10,5,2.068,0.341,2.777,BIF
620135,7780145,427.5,10,10,5,1.265,0.523,2.649,BIF
620145,7780145,427.5,10,10,5,0.802,0.401,2.628,SHALE
620155,7780145,427.5,10,10,5,0.691,0.149,2.670,WASTE
620165,7780145,427.5,10,10,5,0.862,0.093,2.557,SHALE
620175,7780145,427.5,10,10,5,0.623,0.098,2.647,WASTE
620185,7780145,427.5,10,10,5,0.384,0.015,2.581,SHALE
620195,7780145,427.5,10,10,5,0.344,0.042,2.601,WASTE
620005,7780155,427.5,10,10,5,0.465,0.039,2.510,SHALE
620015,7780155,427.5,10,10,5,0.650,0.045,2.633,SHALE
620025,7780155,427.5,10,10,5,0.718,0.058,2.561,SHALE
620035,7780155,427.5,10,10,5,0.926,0.175,2.687,WASTE
620045,7780155,427.5,10,10,5,1.612,0.123,2.601,BIF
620055,7780155,427.5,10,10,5,1.810,0.068,2.606,BIF
620065,7780155,427.5,10,10,5,1.871,0.138,2.738,BIF
620075,7780155,427.5,10,10,5,3.114,0.262,2.649,BIF
620085,7780155,427.5,10,10,5,2.061,0.386,2.743,BIF
620095,7780155,427.5,10,10,5,2.132,0.406,2.812,BIF
620105,7780155,427.5,10,10,5,3.314,0.697,2.688,BIF
620115,7780155,427.5,10,10,5,6.814,0.085,2.810,BIF
620125,7780155,427.5,10,10,5,3.009,0.232,2.688,BIF
620135,7780155,427.5,10,10,5,0.847,0.095,2.685,WASTE
620145,7780155,427.5,10,10,5,1.115,0.092,2.700,BIF
620155,7780155,427.5,10,10,5,0.887,0.155,2.555,SHALE
620165,7780155,427.5,10,10,5,0.472,0.192,2.566,SHALE
620175,7780155,427.5,10,10,5,0.238,0.022,2.639,WASTE
620185,7780155,427.5,10,10,5,0.172,0.034,2.545,WASTE
620195,7780155,427.5,10,10,5,0.283,0.050,2.412,WASTE
620005,7780165,427.5,10,10,5,0.217,0.042,2.529,SHALE
620015,7780165,427.5,10,10,5,0.547,0.020,2.537,SHALE
620025,7780165,427.5,10,10,5,0.486,0.047,2.551,WASTE
620035,7780165,427.5,10,10,5,0.613,0.057,2.645,SHALE
620045,7780165,427.5,10,10,5,0.989,0.086,2.624,SHALE
620055,7780165,427.5,10,10,5,1.157,0.133,2.688,BIF
620065,7780165,427.5,10,10,5,1.574,0.176,2.656,BIF
620075,7780165,427.5,10,10,5,1.160,0.292,2.606,BIF
620085,7780165,427.5,10,10,5,2.963,0.258,2.668,BIF
620095,7780165,427.5,10,10,5,1.326,0.182,2.661,BIF
620105,7780165,427.5,10,10,5,2.266,0.309,2.635,BIF
620115,7780165,427.5,10,10,5,1.745,0.117,2.663,BIF
620125,7780165,427.5,10,10,5,1.449,0.216,2.616,BIF
620135,7780165,427.5,10,10,5,1.709,0.066,2.694,BIF
620145,7780165,427.5,10,10,5,0.475,0.048,2.633,SHALE
620155,7780165,427.5,10,10,5,1.041,0.149,2.630,BIF
620165,7780165,427.5,10,10,5,0.857,0.045,2.557,SHALE
620175,7780165,427.5,10,10,5,0.430,0.026,2.536,SHALE
620185,7780165,427.5,10,10,5,0.228,0.021,2.550,WASTE
620195,7780165,427.5,10,10,5,0.344,0.015,2.546,WASTE
620005,7780175,427.5,10,10,5,0.151,0.016,2.536,SHALE
620015,7780175,427.5,10,10,5,0.118,0.032,2.611,SHALE
620025,7780175,427.5,10,10,5,0.393,0.033,2.585,WASTE
620035,7780175,427.5,10,10,5,0.940,0.018,2.604,WASTE
620045,7780175,427.5,10,10,5,0.629,0.063,2.582,SHALE
620055,7780175,427.5,10,10,5,1.017,0.155,2.673,BIF
620065,7780175,427.5,10,10,5,2.727,0.145,2.753,BIF
620075,7780175,427.5,10,10,5,1.434,0.119,2.673,BIF
620085,7780175,427.5,10,10,5,1.340,0.139,2.756,BIF
620095,7780175,427.5,10,10,5,1.056,0.189,2.689,BIF
620105,7780175,427.5,10,10,5,1.416,0.148,2.641,BIF
620115,7780175,427.5,10,10,5,2.388,0.040,2.693,BIF
620125,7780175,427.5,10,10,5,0.481,0.095,2.694,SHALE
620135,7780175,427.5,10,10,5,0.430,0.305,2.648,SHALE
620145,7780175,427.5,10,10,5,0.427,0.041,2.665,SHALE
620155,7780175,427.5,10,10,5,0.282,0.012,2.634,WASTE
620165,7780175,427.5,10,10,5,1.055,0.075,2.569,BIF
620175,7780175,427.5,10,10,5,0.217,0.026,2.569,WASTE
620185,7780175,427.5,10,10,5,0.244,0.012,2.555,WASTE
620195,7780175,427.5,10,10,5,0.091,0.024,2.599,WASTE
620005,7780185,427.5,10,10,5,0.200,0.034,2.540,WASTE
620015,7780185,427.5,10,10,5,0.166,0.016,2.595,SHALE
620025,7780185,427.5,10,10,5,0.204,0.024,2.614,SHALE
620035,7780185,427.5,10,10,5,0.191,0.059,2.580,WASTE
620045,7780185,427.5,10,10,5,0.422,0.063,2.560,SHALE
620055,7780185,427.5,10,10,5,0.769,0.083,2.608,WASTE
620065,7780185,427.5,10,10,5,0.562,0.056,2.615,SHALE
620075,7780185,427.5,10,10,5,1.064,0.075,2.600,BIF
620085,7780185,427.5,10,10,5,0.960,0.093,2.577,WASTE
620095,7780185,427.5,10,10,5,1.375,0.079,2.596,BIF
620105,7780185,427.5,10,10,5,0.703,0.089,2.701,WASTE
620115,7780185,427.5,10,10,5,1.353,0.045,2.629,BIF
620125,7780185,427.5,10,10,5,1.047,0.053,2.673,BIF
620135,7780185,427.5,10,10,5,0.609,0.060,2.741,SHALE
620145,7780185,427.5,10,10,5,0.749,0.036,2.498,SHALE
620155,7780185,427.5,10,10,5,0.619,0.113,2.614,WASTE
620165,7780185,427.5,10,10,5,0.137,0.020,2.560,WASTE
620175,7780185,427.5,10,10,5,0.092,0.029,2.601,WASTE
620185,7780185,427.5,10,10,5,0.125,0.016,2.492,WASTE
620195,7780185,427.5,10,10,5,0.055,0.034,2.597,SHALE
620005,7780195,427.5,10,10,5,0.181,0.009,2.630,WASTE
620015,7780195,427.5,10,10,5,0.118,0.056,2.519,SHALE
620025,7780195,427.5,10,10,5,0.308,0.017,2.628,WASTE
620035,7780195,427.5,10,10,5,0.266,0.048,2.587,WASTE
620045,7780195,427.5,10,10,5,0.738,0.022,2.541,SHALE
620055,7780195,427.5,10,10,5,0.532,0.067,2.517,WASTE
620065,7780195,427.5,10,10,5,0.396,0.071,2.574,SHALE
620075,7780195,427.5,10,10,5,0.573,0.042,2.566,SHALE
620085,7780195,427.5,10,10,5,0.484,0.066,2.621,WASTE
620095,7780195,427.5,10,10,5,0.825,0.079,2.651,WASTE
620105,7780195,427.5,10,10,5,0.921,0.034,2.743,SHALE
620115,7780195,427.5,10,10,5,1.206,0.028,2.567,BIF
620125,7780195,427.5,10,10,5,0.669,0.018,2.604,WASTE
620135,7780195,427.5,10,10,5,0.248,0.069,2.587,SHALE
620145,7780195,427.5,10,10,5,0.526,0.023,2.540,WASTE
620155,7780195,427.5,10,10,5,0.292,0.093,2.635,SHALE
620165,7780195,427.5,10,10,5,0.129,0.056,2.587,SHALE
620175,7780195,427.5,10,10,5,0.116,0.012,2.573,WASTE
620185,7780195,427.5,10,10,5,0.160,0.032,2.592,WASTE
620195,7780195,427.5,10,10,5,0.038,0.026,2.475,SHALE
620005,7780005,432.5,10,10,5,0.075,0.041,2.614,WASTE
620015,7780005,432.5,10,10,5,0.057,0.019,2.617,WASTE
620025,7780005,432.5,10,10,5,0.029,0.013,2.576,WASTE
620035,7780005,432.5,10,10,5,0.067,0.031,2.516,SHALE
620045,7780005,432.5,10,10,5,0.169,0.027,2.559,WASTE
620055,7780005,432.5,10,10,5,0.137,0.026,2.528,SHALE
620065,7780005,432.5,10,10,5,0.141,0.024,2.531,SHALE
620075,7780005,432.5,10,10,5,0.142,0.027,2.635,WASTE
620085,7780005,432.5,10,10,5,0.117,0.028,2.545,SHALE
620095,7780005,432.5,10,10,5,0.097,0.049,2.524,SHALE
620105,7780005,432.5,10,10,5,0.144,0.031,2.516,WASTE
620115,7780005,432.5,10,10,5,0.113,0.011,2.547,WASTE
620125,7780005,432.5,10,10,5,0.091,0.016,2.585,SHALE
620135,7780005,432.5,10,10,5,0.078,0.052,2.541,WASTE
620145,7780005,432.5,10,10,5,0.057,0.017,2.487,WASTE
620155,7780005,432.5,10,10,5,0.082,0.029,2.504,SHALE
620165,7780005,432.5,10,10,5,0.062,0.010,2.646,WASTE
620175,7780005,432.5,10,10,5,0.030,0.008,2.616,WASTE
620185,7780005,432.5,10,10,5,0.059,0.006,2.541,WASTE
620195,7780005,432.5,10,10,5,0.046,0.011,2.570,SHALE
620005,7780015,432.5,10,10,5,0.067,0.078,2.553,SHALE
620015,7780015,432.5,10,10,5,0.089,0.021,2.579,SHALE
620025,7780015,432.5,10,10,5,0.138,0.018,2.530,SHALE
620035,7780015,432.5,10,10,5,0.188,0.013,2.499,SHALE
620045,7780015,432.5,10,10,5,0.065,0.034,2.610,WASTE
620055,7780015,432.5,10,10,5,0.136,0.023,2.530,WASTE
620065,7780015,432.5,10,10,5,0.179,0.029,2.482,WASTE
620075,7780015,432.5,10,10,5,0.057,0.009,2.594,WASTE
620085,7780015,432.5,10,10,5,0.118,0.019,2.620,SHALE
620095,7780015,432.5,10,10,5,0.111,0.031,2.594,WASTE
620105,7780015,432.5,10,10,5,0.125,0.023,2.542,SHALE
620115,7780015,432.5,10,10,5,0.102,0.025,2.437,SHALE
620125,7780015,432.5,10,10,5,0.098,0.018,2.654,SHALE
620135,7780015,432.5,10,10,5,0.083,0.020,2.543,WASTE
620145,7780015,432.5,10,10,5,0.048,0.010,2.658,SHALE
620155,7780015,432.5,10,10,5,0.074,0.012,2.484,SHALE
620165,7780015,432.5,10,10,5,0.106,0.006,2.550,WASTE
620175,7780015,432.5,10,10,5,0.051,0.018,2.615,SHALE
620185,7780015,432.5,10,10,5,0.036,0.012,2.573,WASTE
620195,7780015,432.5,10,10,5,0.046,0.019,2.482,SHALE
620005,7780025,432.5,10,10,5,0.039,0.018,2.491,SHALE
620015,7780025,432.5,10,10,5,0.175,0.015,2.543,SHALE
620025,7780025,432.5,10,10,5,0.127,0.015,2.528,WASTE
620035,7780025,432.5,10,10,5,0.159,0.015,2.646,SHALE
620045,7780025,432.5,10,10,5,0.119,0.018,2.611,WASTE
620055,7780025,432.5,10,10,5,0.094,0.035,2.573,WASTE
620065,7780025,432.5,10,10,5,0.299,0.037,2.556,SHALE
620075,7780025,432.5,10,10,5,0.285,0.010,2.554,WASTE
620085,7780025,432.5,10,10,5,0.356,0.022,2.514,SHALE
620095,7780025,432.5,10,10,5,0.369,0.035,2.560,SHALE
620105,7780025,432.5,10,10,5,0.131,0.033,2.577,WASTE
620115,7780025,432.5,10,10,5,0.114,0.017,2.526,SHALE
620125,7780025,432.5,10,10,5,0.293,0.017,2.596,WASTE
620135,7780025,432.5,10,10,5,0.172,0.016,2.546,SHALE
620145,7780025,432.5,10,10,5,0.108,0.011,2.566,WASTE
620155,7780025,432.5,10,10,5,0.168,0.012,2.572,SHALE
620165,7780025,432.5,10,10,5,0.090,0.018,2.562,SHALE
620175,7780025,432.5,10,10,5,0.095,0.021,2.626,SHALE
620185,7780025,432.5,10,10,5,0.050,0.012,2.508,WASTE
620195,7780025,432.5,10,10,5,0.113,0.032,2.533,WASTE
620005,7780035,432.5,10,10,5,0.054,0.014,2.556,WASTE
620015,7780035,432.5,10,10,5,0.077,0.004,2.513,SHALE
620025,7780035,432.5,10,10,5,0.131,0.024,2.602,SHALE
620035,7780035,432.5,10,10,5,0.266,0.022,2.636,WASTE
620045,7780035,432.5,10,10,5,0.208,0.029,2.598,WASTE
620055,7780035,432.5,10,10,5,0.239,0.030,2.512,SHALE
620065,7780035,432.5,10,10,5,-9999,0.021,2.568,SHALE
620075,7780035,432.5,10,10,5,0.579,0.067,2.610,WASTE
620085,7780035,432.5,10,10,5,0.526,0.037,2.601,WASTE
620095,7780035,432.5,10,10,5,0.214,0.075,2.631,WASTE
620105,7780035,432.5,10,10,5,0.194,0.031,2.563,SHALE
620115,7780035,432.5,10,10,5,0.887,0.035,2.578,SHALE
620125,7780035,432.5,10,10,5,0.351,0.019,2.652,WASTE
620135,7780035,432.5,10,10,5,0.207,0.031,2.569,WASTE
620145,7780035,432.5,10,10,5,0.117,0.020,2.656,SHALE
620155,7780035,432.5,10,10,5,0.207,0.018,2.573,SHALE
620165,7780035,432.5,10,10,5,0.173,0.032,2.646,SHALE
620175,7780035,432.5,10,10,5,0.112,0.014,2.651,WASTE
620185,7780035,432.5,10,10,5,0.092,0.059,2.594,WASTE
620195,7780035,432.5,10,10,5,0.189,0.033,2.665,SHALE
620005,7780045,432.5,10,10,5,0.123,0.030,2.567,SHALE
620015,7780045,432.5,10,10,5,0.104,0.024,2.492,SHALE
620025,7780045,432.5,10,10,5,0.307,0.012,2.546,WASTE
620035,7780045,432.5,10,10,5,0.175,0.031,2.607,SHALE
620045,7780045,432.5,10,10,5,0.118,0.024,2.618,WASTE
620055,7780045,432.5,10,10,5,0.415,0.058,2.524,SHALE
620065,7780045,432.5,10,10,5,0.280,0.090,2.595,WASTE
620075,7780045,432.5,10,10,5,0.475,0.034,2.576,SHALE
620085,7780045,432.5,10,10,5,0.520,0.168,2.626,WASTE
620095,7780045,432.5,10,10,5,0.933,0.020,2.610,SHALE
620105,7780045,432.5,10,10,5,0.706,0.053,2.663,WASTE
620115,7780045,432.5,10,10,5,0.913,0.064,2.596,SHALE
620125,7780045,432.5,10,10,5,0.206,0.048,2.608,SHALE
620135,7780045,432.5,10,10,5,0.395,0.035,2.644,WASTE
620145,7780045,432.5,10,10,5,0.449,0.056,2.535,WASTE
620155,7780045,432.5,10,10,5,0.147,0.046,2.561,WASTE
620165,7780045,432.5,10,10,5,0.231,0.027,2.591,SHALE
620175,7780045,432.5,10,10,5,0.237,0.032,2.469,WASTE
620185,7780045,432.5,10,10,5,0.059,0.025,2.487,WASTE
620195,7780045,432.5,10,10,5,0.107,0.039,2.500,SHALE
620005,7780055,432.5,10,10,5,0.131,0.036,2.600,WASTE
620015,7780055,432.5,10,10,5,0.188,0.010,2.554,SHALE
620025,7780055,432.5,10,10,5,0.389,0.041,2.599,SHALE
620035,7780055,432.5,10,10,5,0.170,0.032,2.580,SHALE
620045,7780055,432.5,10,10,5,0.469,0.018,2.629,WASTE
620055,7780055,432.5,10,10,5,0.659,0.040,2.604,SHALE
620065,7780055,432.5,10,10,5,1.195,0.080,2.515,BIF
620075,7780055,432.5,10,10,5,0.442,0.073,2.684,WASTE
620085,7780055,432.5,10,10,5,0.468,0.111,2.625,SHALE
620095,7780055,432.5,10,10,5,1.161,0.228,2.688,BIF
620105,7780055,432.5,10,10,5,1.223,0.055,2.588,BIF
620115,7780055,432.5,10,10,5,0.819,0.085,2.685,WASTE
620125,7780055,432.5,10,10,5,1.349,0.049,2.575,BIF
620135,7780055,432.5,10,10,5,0.549,0.051,2.673,SHALE
620145,7780055,432.5,10,10,5,0.490,0.021,2.549,WASTE
620155,7780055,432.5,10,10,5,0.398,0.029,2.542,SHALE
620165,7780055,432.5,10,10,5,0.331,0.034,2.550,WASTE
620175,7780055,432.5,10,10,5,0.386,0.038,2.567,SHALE
620185,7780055,432.5,10,10,5,0.110,0.025,2.694,SHALE
620195,7780055,432.5,10,10,5,0.045,0.011,2.546,WASTE
620005,7780065,432.5,10,10,5,0.169,0.033,2.528,WASTE
620015,7780065,432.5,10,10,5,0.242,0.015,2.523,WASTE
620025,7780065,432.5,10,10,5,0.400,0.049,2.576,WASTE
620035,7780065,432.5,10,10,5,0.584,0.039,2.517,WASTE
620045,7780065,432.5,10,10,5,0.576,0.057,2.637,WASTE
620055,7780065,432.5,10,10,5,2.529,0.054,2.570,BIF
620065,7780065,432.5,10,10,5,0.387,0.074,2.635,WASTE
620075,7780065,432.5,10,10,5,0.649,0.222,2.595,WASTE
620085,7780065,432.5,10,10,5,1.995,0.123,2.686,BIF
620095,7780065,432.5,10,10,5,0.752,0.121,2.756,WASTE
620105,7780065,432.5,10,10,5,0.604,0.099,2.699,WASTE
620115,7780065,432.5,10,10,5,2.263,0.159,2.615,BIF
620125,7780065,432.5,10,10,5,0.725,0.071,2.642,WASTE
620135,7780065,432.5,10,10,5,0.903,0.042,2.706,WASTE
620145,7780065,432.5,10,10,5,0.554,0.033,2.676,SHALE
620155,7780065,432.5,10,10,5,0.537,0.019,2.597,WASTE
620165,7780065,432.5,10,10,5,0.456,0.034,2.566,WASTE
620175,7780065,432.5,10,10,5,0.128,0.033,2.591,WASTE
620185,7780065,432.5,10,10,5,0.221,0.007,2.474,SHALE
620195,7780065,432.5,10,10,5,0.076,0.025,2.527,WASTE
620005,7780075,432.5,10,10,5,0.155,0.030,2.558,SHALE
620015,7780075,432.5,10,10,5,0.376,0.034,2.539,WASTE
620025,7780075,432.5,10,10,5,0.185,0.028,2.608,WASTE
620035,7780075,432.5,10,10,5,0.298,0.051,2.520,WASTE
620045,7780075,432.5,10,10,5,1.234,0.056,2.568,BIF
620055,7780075,432.5,10,10,5,0.570,0.102,2.621,SHALE
620065,7780075,432.5,10,10,5,1.267,0.100,2.623,BIF
620075,7780075,432.5,10,10,5,1.053,0.269,2.663,BIF
620085,7780075,432.5,10,10,5,1.004,0.088,2.697,BIF
620095,7780075,432.5,10,10,5,2.032,0.116,2.710,BIF
620105,7780075,432.5,10,10,5,2.376,0.070,2.704,BIF
620115,7780075,432.5,10,10,5,1.335,0.125,2.595,BIF
620125,7780075,432.5,10,10,5,1.664,0.055,2.667,BIF
620135,7780075,432.5,10,10,5,0.525,0.097,2.707,SHALE
620145,7780075,432.5,10,10,5,0.983,0.033,2.603,SHALE
620155,7780075,432.5,10,10,5,0.429,0.062,2.569,SHALE
620165,7780075,432.5,10,10,5,0.482,0.023,2.583,SHALE
620175,7780075,432.5,10,10,5,0.396,0.020,2.602,SHALE
620185,7780075,432.5,10,10,5,0.271,0.031,2.555,SHALE
620195,7780075,432.5,10,10,5,0.117,0.015,2.570,SHALE
620005,7780085,432.5,10,10,5,0.134,0.057,2.631,WASTE
620015,7780085,432.5,10,10,5,0.187,0.017,2.485,WASTE
620025,7780085,432.5,10,10,5,0.470,0.074,2.579,WASTE
620035,7780085,432.5,10,10,5,0.635,0.106,2.571,SHALE
620045,7780085,432.5,10,10,5,0.460,0.095,2.634,SHALE
620055,7780085,432.5,10,10,5,1.138,0.096,2.632,BIF
620065,7780085,432.5,10,10,5,1.682,0.038,2.664,BIF
620075,7780085,432.5,10,10,5,2.734,0.197,2.716,BIF
620085,7780085,432.5,10,10,5,1.747,0.144,2.630,BIF
620095,7780085,432.5,10,10,5,2.109,0.545,2.649,BIF
620105,7780085,432.5,10,10,5,1.056,0.160,2.648,BIF
620115,7780085,432.5,10,10,5,2.016,0.267,2.656,BIF
620125,7780085,432.5,10,10,5,1.088,0.145,2.646,BIF
620135,7780085,432.5,10,10,5,1.656,0.243,2.638,BIF
620145,7780085,432.5,10,10,5,0.492,0.081,2.725,WASTE
620155,7780085,432.5,10,10,5,0.268,0.064,2.668,SHALE
620165,7780085,432.5,10,10,5,0.413,0.078,2.572,SHALE
620175,7780085,432.5,10,10,5,0.534,0.024,2.580,SHALE
620185,7780085,432.5,10,10,5,0.164,0.008,2.620,WASTE
620195,7780085,432.5,10,10,5,0.559,0.022,2.530,WASTE
620005,7780095,432.5,10,10,5,0.552,0.013,2.581,WASTE
620015,7780095,432.5,10,10,5,0.515,0.029,2.667,SHALE
620025,7780095,432.5,10,10,5,0.511,0.087,2.550,WASTE
620035,7780095,432.5,10,10,5,1.513,0.070,2.557,BIF
620045,7780095,432.5,10,10,5,0.534,0.093,2.715,SHALE
620055,7780095,432.5,10,10,5,1.715,0.216,2.626,BIF
620065,7780095,432.5,10,10,5,1.410,0.129,2.702,BIF
620075,7780095,432.5,10,10,5,2.650,0.174,2.602,BIF
620085,7780095,432.5,10,10,5,2.063,0.237,2.741,BIF
620095,7780095,432.5,10,10,5,3.762,0.409,2.676,BIF
620105,7780095,432.5,10,10,5,1.810,0.255,2.687,BIF
620115,7780095,432.5,10,10,5,0.884,0.161,2.744,SHALE
620125,7780095,432.5,10,10,5,2.781,0.311,2.725,BIF
620135,7780095,432.5,10,10,5,1.503,0.214,2.686,BIF
620145,7780095,432.5,10,10,5,1.230,0.070,2.612,BIF
620155,7780095,432.5,10,10,5,0.947,0.044,2.596,SHALE
620165,7780095,432.5,10,10,5,1.055,0.048,2.553,BIF
620175,7780095,432.5,10,10,5,0.515,0.064,2.595,WASTE
620185,7780095,432.5,10,10,5,0.320,0.032,2.571,WASTE
620195,7780095,432.5,10,10,5,0.275,0.010,2.541,SHALE
620005,7780105,432.5,10,10,5,0.336,0.025,2.562,WASTE
620015,7780105,432.5,10,10,5,0.242,0.054,2.602,WASTE
620025,7780105,432.5,10,10,5,0.520,0.089,2.568,WASTE
620035,7780105,432.5,10,10,5,1.598,0.119,2.546,BIF
620045,7780105,432.5,10,10,5,1.046,0.115,2.662,BIF
620055,7780105,432.5,10,10,5,1.455,0.143,2.616,BIF
620065,7780105,432.5,10,10,5,3.711,0.251,2.595,BIF
620075,7780105,432.5,10,10,5,4.692,0.167,2.620,BIF
620085,7780105,432.5,10,10,5,2.076,0.248,2.808,BIF
620095,7780105,432.5,10,10,5,1.875,0.249,2.736,BIF
620105,7780105,432.5,10,10,5,1.060,0.856,2.753,BIF
620115,7780105,432.5,10,10,5,1.825,0.312,2.687,BIF
620125,7780105,432.5,10,10,5,2.639,0.361,2.713,BIF
620135,7780105,432.5,10,10,5,1.385,0.131,2.660,BIF
620145,7780105,432.5,10,10,5,1.753,0.078,2.684,BIF
620155,7780105,432.5,10,10,5,0.990,0.139,2.532,SHALE
620165,7780105,432.5,10,10,5,1.641,0.058,2.564,BIF
620175,7780105,432.5,10,10,5,0.581,0.034,2.506,WASTE
620185,7780105,432.5,10,10,5,0.322,0.018,2.465,WASTE
620195,7780105,432.5,10,10,5,0.244,0.075,2.594,SHALE
620005,7780115,432.5,10,10,5,0.661,0.024,2.461,WASTE
620015,7780115,432.5,10,10,5,0.603,0.031,2.542,SHALE
620025,7780115,432.5,10,10,5,1.217,0.031,2.644,BIF
620035,7780115,432.5,10,10,5,1.941,0.064,2.568,BIF
620045,7780115,432.5,10,10,5,0.837,0.092,2.590,SHALE
620055,7780115,432.5,10,10,5,1.652,0.243,2.696,BIF
620065,7780115,432.5,10,10,5,2.882,0.155,2.616,BIF
620075,7780115,432.5,10,10,5,1.269,0.443,2.712,BIF
620085,7780115,432.5,10,10,5,2.568,0.298,2.666,BIF
620095,7780115,432.5,10,10,5,3.460,0.285,2.669,BIF
620105,7780115,432.5,10,10,5,2.473,0.445,2.738,BIF
620115,7780115,432.5,10,10,5,1.144,0.416,2.775,BIF
620125,7780115,432.5,10,10,5,1.438,0.273,2.722,BIF
620135,7780115,432.5,10,10,5,0.979,0.097,2.733,SHALE
620145,7780115,432.5,10,10,5,1.150,0.268,2.552,BIF
620155,7780115,432.5,10,10,5,1.005,0.118,2.659,BIF
620165,7780115,432.5,10,10,5,0.585,0.030,2.636,WASTE
620175,7780115,432.5,10,10,5,0.342,0.025,2.540,SHALE
620185,7780115,432.5,10,10,5,0.150,0.028,2.467,SHALE
620195,7780115,432.5,10,10,5,0.230,0.056,2.603,SHALE
620005,7780125,432.5,10,10,5,-9999,0.048,2.607,SHALE
620015,7780125,432.5,10,10,5,0.461,0.027,2.614,WASTE
620025,7780125,432.5,10,10,5,0.700,0.060,2.506,WASTE
620035,7780125,432.5,10,10,5,1.950,0.023,2.529,BIF
620045,7780125,432.5,10,10,5,0.862,0.131,2.698,SHALE
620055,7780125,432.5,10,10,5,1.872,0.212,2.511,BIF
620065,7780125,432.5,10,10,5,1.727,0.078,2.750,BIF
620075,7780125,432.5,10,10,5,2.325,0.306,2.805,BIF
620085,7780125,432.5,10,10,5,2.958,0.256,2.750,BIF
620095,7780125,432.5,10,10,5,2.102,0.183,2.751,BIF
620105,7780125,432.5,10,10,5,1.859,0.124,2.660,BIF
620115,7780125,432.5,10,10,5,2.334,0.403,2.628,BIF
620125,7780125,432.5,10,10,5,2.586,0.316,2.686,BIF
620135,7780125,432.5,10,10,5,1.594,0.337,2.649,BIF
620145,7780125,432.5,10,10,5,0.605,0.089,2.617,WASTE
620155,7780125,432.5,10,10,5,1.360,0.043,2.564,BIF
620165,7780125,432.5,10,10,5,0.341,0.024,2.571,WASTE
620175,7780125,432.5,10,10,5,0.898,0.049,2.635,SHALE
620185,7780125,432.5,10,10,5,0.318,0.047,2.572,SHALE
620195,7780125,432.5,10,10,5,0.306,0.032,2.531,WASTE
620005,7780135,432.5,10,10,5,0.206,0.011,2.535,SHALE
620015,7780135,432.5,10,10,5,0.533,0.029,2.607,SHALE
620025,7780135,432.5,10,10,5,0.885,0.049,2.589,WASTE
620035,7780135,432.5,10,10,5,0.827,0.124,2.544,SHALE
620045,7780135,432.5,10,10,5,0.510,0.069,2.579,SHALE
620055,7780135,432.5,10,10,5,5.362,0.201,2.722,BIF
620065,7780135,432.5,10,10,5,4.162,0.215,2.693,BIF
620075,7780135,432.5,10,10,5,1.101,0.219,2.739,BIF
620085,7780135,432.5,10,10,5,2.850,0.479,2.761,BIF
620095,7780135,432.5,10,10,5,2.365,0.216,2.761,BIF
620105,7780135,432.5,10,10,5,1.623,0.329,2.690,BIF
620115,7780135,432.5,10,10,5,1.999,0.355,2.747,BIF
620125,7780135,432.5,10,10,5,1.198,0.247,2.671,BIF
620135,7780135,432.5,10,10,5,0.978,0.210,2.631,WASTE
620145,7780135,432.5,10,10,5,1.601,0.132,2.676,BIF
620155,7780135,432.5,10,10,5,0.777,0.102,2.517,SHALE
620165,7780135,432.5,10,10,5,1.049,0.041,2.681,BIF
620175,7780135,432.5,10,10,5,0.305,0.050,2.557,SHALE
620185,7780135,432.5,10,10,5,0.225,0.023,2.576,WASTE
620195,7780135,432.5,10,10,5,0.143,0.029,2.619,WASTE
620005,7780145,432.5,10,10,5,0.221,0.018,2.513,SHALE
620015,7780145,432.5,10,10,5,0.630,0.015,2.467,SHALE
620025,7780145,432.5,10,10,5,0.164,0.021,2.586,WASTE
620035,7780145,432.5,10,10,5,0.781,0.045,2.509,WASTE
620045,7780145,432.5,10,10,5,1.148,0.116,2.624,BIF
620055,7780145,432.5,10,10,5,1.693,0.223,2.622,BIF
620065,7780145,432.5,10,10,5,2.489,0.113,2.689,BIF
620075,7780145,432.5,10,10,5,2.058,0.082,2.675,BIF
620085,7780145,432.5,10,10,5,1.818,0.253,2.649,BIF
620095,7780145,432.5,10,10,5,3.977,0.204,2.701,BIF
620105,7780145,432.5,10,10,5,1.624,0.250,2.641,BIF
620115,7780145,432.5,10,10,5,1.924,0.111,2.745,BIF
620125,7780145,432.5,10,10,5,0.922,0.323,2.633,SHALE
620135,7780145,432.5,10,10,5,1.250,0.099,2.632,BIF
620145,7780145,432.5,10,10,5,1.578,0.079,2.617,BIF
620155,7780145,432.5,10,10,5,1.249,0.037,2.552,BIF
620165,7780145,432.5,10,10,5,0.426,0.019,2.619,WASTE
620175,7780145,432.5,10,10,5,0.600,0.029,2.544,SHALE
620185,7780145,432.5,10,10,5,0.287,0.023,2.564,WASTE
620195,7780145,432.5,10,10,5,0.089,0.017,2.614,WASTE
620005,7780155,432.5,10,10,5,0.138,0.036,2.662,WASTE
620015,7780155,432.5,10,10,5,0.359,0.026,2.583,SHALE
620025,7780155,432.5,10,10,5,2.070,0.054,2.455,BIF
620035,7780155,432.5,10,10,5,0.525,0.079,2.709,WASTE
620045,7780155,432.5,10,10,5,1.770,0.036,2.677,BIF
620055,7780155,432.5,10,10,5,0.861,0.089,2.603,WASTE
620065,7780155,432.5,10,10,5,0.971,0.135,2.659,WASTE
620075,7780155,432.5,10,10,5,0.859,0.098,2.576,SHALE
620085,7780155,432.5,10,10,5,2.379,0.189,2.638,BIF
620095,7780155,432.5,10,10,5,1.416,0.186,2.622,BIF
620105,7780155,432.5,10,10,5,1.107,0.126,2.587,BIF
620115,7780155,432.5,10,10,5,1.234,0.137,2.681,BIF
620125,7780155,432.5,10,10,5,1.132,0.273,2.626,BIF
620135,7780155,432.5,10,10,5,0.707,0.032,2.584,SHALE
620145,7780155,432.5,10,10,5,0.894,0.074,2.669,WASTE
620155,7780155,432.5,10,10,5,0.949,0.040,2.506,WASTE
620165,7780155,432.5,10,10,5,0.651,0.019,2.574,WASTE
620175,7780155,432.5,10,10,5,0.264,0.071,2.591,SHALE
620185,7780155,432.5,10,10,5,0.228,0.009,2.508,SHALE
620195,7780155,432.5,10,10,5,0.164,0.033,2.512,SHALE
620005,7780165,432.5,10,10,5,0.141,0.016,2.558,WASTE
620015,7780165,432.5,10,10,5,0.177,0.023,2.562,SHALE
620025,7780165,432.5,10,10,5,0.159,0.017,2.551,SHALE
620035,7780165,432.5,10,10,5,0.963,0.036,2.603,WASTE
620045,7780165,432.5,10,10,5,0.838,0.028,2.560,WASTE
620055,7780165,432.5,10,10,5,0.476,0.077,2.642,SHALE
620065,7780165,432.5,10,10,5,2.236,0.060,2.632,BIF
620075,7780165,432.5,10,10,5,1.088,0.059,2.690,BIF
620085,7780165,432.5,10,10,5,2.367,0.164,2.603,BIF
620095,7780165,432.5,10,10,5,1.310,0.147,2.612,BIF
620105,7780165,432.5,10,10,5,0.928,0.141,2.670,WASTE
620115,7780165,432.5,10,10,5,0.911,0.100,2.705,WASTE
620125,7780165,432.5,10,10,5,1.196,0.045,2.562,BIF
620135,7780165,432.5,10,10,5,1.626,0.055,2.678,BIF
620145,7780165,432.5,10,10,5,0.357,0.097,2.664,WASTE
620155,7780165,432.5,10,10,5,0.879,0.045,2.590,SHALE
620165,7780165,432.5,10,10,5,1.245,0.039,2.551,BIF
620175,7780165,432.5,10,10,5,0.156,0.025,2.566,SHALE
620185,7780165,432.5,10,10,5,0.120,0.017,2.534,SHALE
620195,7780165,432.5,10,10,5,0.107,0.011,2.567,SHALE
620005,7780175,432.5,10,10,5,0.118,0.020,2.555,WASTE
620015,7780175,432.5,10,10,5,0.363,0.029,2.647,SHALE
620025,7780175,432.5,10,10,5,0.216,0.069,2.587,WASTE
620035,7780175,432.5,10,10,5,0.866,0.053,2.598,SHALE
620045,7780175,432.5,10,10,5,0.548,0.063,2.592,WASTE
620055,7780175,432.5,10,10,5,0.479,0.062,2.522,SHALE
620065,7780175,432.5,10,10,5,0.470,0.043,2.565,WASTE
620075,7780175,432.5,10,10,5,1.078,0.061,2.566,BIF
620085,7780175,432.5,10,10,5,0.659,0.155,2.607,WASTE
620095,7780175,432.5,10,10,5,1.128,0.214,2.655,BIF
620105,7780175,432.5,10,10,5,0.943,0.048,2.591,WASTE
620115,7780175,432.5,10,10,5,0.947,0.065,2.501,SHALE
620125,7780175,432.5,10,10,5,0.818,0.038,2.568,SHALE
620135,7780175,432.5,10,10,5,0.410,0.053,2.601,WASTE
620145,7780175,432.5,10,10,5,0.566,0.052,2.610,SHALE
620155,7780175,432.5,10,10,5,0.285,0.051,2.612,WASTE
620165,7780175,432.5,10,10,5,0.292,0.018,2.588,SHALE
620175,7780175,432.5,10,10,5,0.194,0.015,2.623,SHALE
620185,7780175,432.5,10,10,5,0.177,0.025,2.462,WASTE
620195,7780175,432.5,10,10,5,0.093,0.029,2.455,WASTE
620005,7780185,432.5,10,10,5,0.110,0.013,2.584,SHALE
620015,7780185,432.5,10,10,5,0.244,0.043,2.617,SHALE
620025,7780185,432.5,10,10,5,0.467,0.014,2.534,WASTE
620035,7780185,432.5,10,10,5,0.366,0.020,2.536,WASTE
620045,7780185,432.5,10,10,5,0.177,0.020,2.518,WASTE
620055,7780185,432.5,10,10,5,0.600,0.032,2.658,SHALE
620065,7780185,432.5,10,10,5,0.291,0.033,2.643,SHALE
620075,7780185,432.5,10,10,5,0.621,0.072,2.629,WASTE
620085,7780185,432.5,10,10,5,0.480,0.069,2.577,SHALE
620095,7780185,432.5,10,10,5,0.717,0.049,2.713,WASTE
620105,7780185,432.5,10,10,5,0.937,0.041,2.652,WASTE
620115,7780185,432.5,10,10,5,1.014,0.028,2.649,BIF
620125,7780185,432.5,10,10,5,0.434,0.080,2.547,SHALE
620135,7780185,432.5,10,10,5,0.313,0.022,2.497,WASTE
620145,7780185,432.5,10,10,5,0.305,0.017,2.552,SHALE
620155,7780185,432.5,10,10,5,0.317,0.014,2.567,WASTE
620165,7780185,432.5,10,10,5,0.243,0.018,2.638,WASTE
620175,7780185,432.5,10,10,5,0.079,0.007,2.530,WASTE
620185,7780185,432.5,10,10,5,0.062,0.021,2.625,WASTE
620195,7780185,432.5,10,10,5,0.042,0.017,2.532,WASTE
620005,7780195,432.5,10,10,5,0.100,0.007,2.552,WASTE
620015,7780195,432.5,10,10,5,0.076,0.026,2.548,SHALE
620025,7780195,432.5,10,10,5,0.217,0.050,2.436,SHALE
620035,7780195,432.5,10,10,5,0.139,0.011,2.625,SHALE
620045,7780195,432.5,10,10,5,0.097,0.031,2.582,WASTE
620055,7780195,432.5,10,10,5,0.159,0.021,2.579,SHALE
620065,7780195,432.5,10,10,5,0.377,0.051,2.577,SHALE
620075,7780195,432.5,10,10,5,0.472,0.038,2.565,WASTE
620085,7780195,432.5,10,10,5,0.318,0.029,2.606,SHALE
620095,7780195,432.5,10,10,5,0.773,0.143,2.547,WASTE
620105,7780195,432.5,10,10,5,0.349,0.088,2.545,SHALE
620115,7780195,432.5,10,10,5,0.286,0.065,2.619,WASTE
620125,7780195,432.5,10,10,5,-9999,0.053,2.632,SHALE
620135,7780195,432.5,10,10,5,0.169,0.036,2.563,WASTE
620145,7780195,432.5,10,10,5,0.155,0.034,2.501,WASTE
620155,7780195,432.5,10,10,5,0.133,0.038,2.561,WASTE
620165,7780195,432.5,10,10,5,0.097,0.018,2.629,SHALE
620175,7780195,432.5,10,10,5,0.139,0.020,2.574,SHALE
620185,7780195,432.5,10,10,5,0.050,0.064,2.493,SHALE
620195,7780195,432.5,10,10,5,0.093,0.014,2.545,WASTE
620005,7780005,437.5,10,10,5,0.055,0.022,2.609,SHALE
620015,7780005,437.5,10,10,5,0.055,0.023,2.592,SHALE
620025,7780005,437.5,10,10,5,0.063,0.030,2.511,SHALE
620035,7780005,437.5,10,10,5,0.070,0.038,2.593,WASTE
620045,7780005,437.5,10,10,5,0.070,0.016,2.498,WASTE
620055,7780005,437.5,10,10,5,0.049,0.021,2.502,SHALE
620065,7780005,437.5,10,10,5,-9999,0.011,2.623,SHALE
620075,7780005,437.5,10,10,5,0.152,0.016,2.538,WASTE
620085,7780005,437.5,10,10,5,-9999,0.024,2.520,SHALE
620095,7780005,437.5,10,10,5,0.063,0.022,2.555,WASTE
620105,7780005,437.5,10,10,5,0.046,0.050,2.616,WASTE
620115,7780005,437.5,10,10,5,0.092,0.017,2.470,SHALE
620125,7780005,437.5,10,10,5,0.105,0.016,2.533,WASTE
620135,7780005,437.5,10,10,5,0.090,0.032,2.600,SHALE
620145,7780005,437.5,10,10,5,0.091,0.020,2.649,WASTE
620155,7780005,437.5,10,10,5,0.034,0.011,2.501,WASTE
620165,7780005,437.5,10,10,5,0.040,0.016,2.502,SHALE
620175,7780005,437.5,10,10,5,0.076,0.013,2.558,SHALE
620185,7780005,437.5,10,10,5,0.073,0.016,2.577,SHALE
620195,7780005,437.5,10,10,5,0.177,0.028,2.531,SHALE
620005,7780015,437.5,10,10,5,0.027,0.035,2.545,SHALE
620015,7780015,437.5,10,10,5,0.031,0.015,2.567,SHALE
620025,7780015,437.5,10,10,5,0.095,0.014,2.688,SHALE
620035,7780015,437.5,10,10,5,0.088,0.031,2.581,WASTE
620045,7780015,437.5,10,10,5,0.068,0.018,2.581,WASTE
620055,7780015,437.5,10,10,5,0.457,0.011,2.541,SHALE
620065,7780015,437.5,10,10,5,0.133,0.026,2.555,SHALE
620075,7780015,437.5,10,10,5,0.083,0.010,2.556,WASTE
620085,7780015,437.5,10,10,5,0.213,0.032,2.546,SHALE
620095,7780015,437.5,10,10,5,0.070,0.046,2.494,WASTE
620105,7780015,437.5,10,10,5,0.206,0.013,2.541,WASTE
620115,7780015,437.5,10,10,5,0.062,0.009,2.533,SHALE
620125,7780015,437.5,10,10,5,0.084,0.045,2.587,WASTE
620135,7780015,437.5,10,10,5,0.059,0.039,2.530,SHALE
620145,7780015,437.5,10,10,5,0.057,0.022,2.612,SHALE
620155,7780015,437.5,10,10,5,0.098,0.045,2.531,SHALE
620165,7780015,437.5,10,10,5,0.106,0.038,2.535,SHALE
620175,7780015,437.5,10,10,5,0.045,0.030,2.446,WASTE
620185,7780015,437.5,10,10,5,0.062,0.033,2.576,WASTE
620195,7780015,437.5,10,10,5,0.032,0.020,2.610,SHALE
620005,7780025,437.5,10,10,5,0.039,0.018,2.566,SHALE
620015,7780025,437.5,10,10,5,0.057,0.045,2.517,WASTE
620025,7780025,437.5,10,10,5,0.069,0.021,2.576,WASTE
620035,7780025,437.5,10,10,5,0.081,0.054,2.558,SHALE
620045,7780025,437.5,10,10,5,0.073,0.035,2.586,WASTE
620055,7780025,437.5,10,10,5,0.096,0.009,2.575,WASTE
620065,7780025,437.5,10,10,5,0.223,0.014,2.588,SHALE
620075,7780025,437.5,10,10,5,0.108,0.011,2.622,WASTE
620085,7780025,437.5,10,10,5,0.150,0.029,2.549,SHALE
620095,7780025,437.5,10,10,5,0.383,0.028,2.609,SHALE
620105,7780025,437.5,10,10,5,0.096,0.034,2.619,SHALE
620115,7780025,437.5,10,10,5,0.247,0.034,2.653,WASTE
620125,7780025,437.5,10,10,5,0.092,0.026,2.703,WASTE
620135,7780025,437.5,10,10,5,0.139,0.044,2.568,WASTE
620145,7780025,437.5,10,10,5,0.078,0.032,2.567,SHALE
620155,7780025,437.5,10,10,5,0.150,0.013,2.509,WASTE
620165,7780025,437.5,10,10,5,0.056,0.048,2.521,SHALE
620175,7780025,437.5,10,10,5,0.053,0.024,2.569,WASTE
620185,7780025,437.5,10,10,5,0.072,0.029,2.481,WASTE
620195,7780025,437.5,10,10,5,0.061,0.046,2.508,WASTE
620005,7780035,437.5,10,10,5,0.101,0.024,2.609,SHALE
620015,7780035,437.5,10,10,5,0.111,0.045,2.544,WASTE
620025,7780035,437.5,10,10,5,0.189,0.024,2.592,SHALE
620035,7780035,437.5,10,10,5,0.175,0.017,2.556,WASTE
620045,7780035,437.5,10,10,5,0.185,0.016,2.611,WASTE
620055,7780035,437.5,10,10,5,0.108,0.012,2.503,SHALE
620065,7780035,437.5,10,10,5,0.189,0.050,2.576,WASTE
620075,7780035,437.5,10,10,5,0.127,0.017,2.449,WASTE
620085,7780035,437.5,10,10,5,0.473,0.055,2.536,WASTE
620095,7780035,437.5,10,10,5,0.344,0.026,2.548,WASTE
620105,7780035,437.5,10,10,5,0.110,0.035,2.492,SHALE
620115,7780035,437.5,10,10,5,0.121,0.014,2.616,WASTE
620125,7780035,437.5,10,10,5,0.433,0.012,2.549,SHALE
620135,7780035,437.5,10,10,5,0.174,0.032,2.591,SHALE
620145,7780035,437.5,10,10,5,0.429,0.014,2.588,WASTE
620155,7780035,437.5,10,10,5,0.165,0.046,2.551,SHALE
620165,7780035,437.5,10,10,5,0.089,0.029,2.505,WASTE
620175,7780035,437.5,10,10,5,0.112,0.017,2.566,SHALE
620185,7780035,437.5,10,10,5,0.037,0.021,2.542,WASTE
620195,7780035,437.5,10,10,5,0.049,0.045,2.551,WASTE
620005,7780045,437.5,10,10,5,0.045,0.012,2.468,WASTE
620015,7780045,437.5,10,10,5,0.056,0.018,2.554,SHALE
620025,7780045,437.5,10,10,5,0.092,0.010,2.524,WASTE
620035,7780045,437.5,10,10,5,0.221,0.036,2.617,WASTE
620045,7780045,437.5,10,10,5,0.356,0.025,2.621,WASTE
620055,7780045,437.5,10,10,5,0.385,0.008,2.572,WASTE
620065,7780045,437.5,10,10,5,0.139,0.019,2.614,WASTE
620075,7780045,437.5,10,10,5,0.177,0.022,2.639,WASTE
620085,7780045,437.5,10,10,5,0.333,0.022,2.586,SHALE
620095,7780045,437.5,10,10,5,0.517,0.015,2.560,WASTE
620105,7780045,437.5,10,10,5,0.264,0.028,2.590,WASTE
620115,7780045,437.5,10,10,5,-9999,0.042,2.547,WASTE
620125,7780045,437.5,10,10,5,0.272,0.024,2.647,SHALE
620135,7780045,437.5,10,10,5,0.188,0.009,2.627,SHALE
620145,7780045,437.5,10,10,5,0.403,0.031,2.702,WASTE
620155,7780045,437.5,10,10,5,0.147,0.013,2.611,WASTE
620165,7780045,437.5,10,10,5,0.340,0.012,2.536,SHALE
620175,7780045,437.5,10,10,5,0.103,0.018,2.514,WASTE
620185,7780045,437.5,10,10,5,0.060,0.034,2.559,WASTE
620195,7780045,437.5,10,10,5,0.061,0.019,2.506,SHALE
620005,7780055,437.5,10,10,5,0.154,0.018,2.500,WASTE
620015,7780055,437.5,10,10,5,0.121,0.051,2.578,WASTE
620025,7780055,437.5,10,10,5,0.081,0.018,2.542,SHALE
620035,7780055,437.5,10,10,5,0.185,0.019,2.490,WASTE
620045,7780055,437.5,10,10,5,0.173,0.049,2.512,SHALE
620055,7780055,437.5,10,10,5,0.154,0.041,2.552,WASTE
620065,7780055,437.5,10,10,5,0.683,0.031,2.582,SHALE
620075,7780055,437.5,10,10,5,0.427,0.030,2.618,WASTE
620085,7780055,437.5,10,10,5,0.246,0.058,2.548,SHALE
620095,7780055,437.5,10,10,5,0.657,0.026,2.610,SHALE
620105,7780055,437.5,10,10,5,0.140,0.019,2.624,SHALE
620115,7780055,437.5,10,10,5,0.367,0.026,2.581,SHALE
620125,7780055,437.5,10,10,5,0.166,0.013,2.579,WASTE
620135,7780055,437.5,10,10,5,0.575,0.023,2.638,WASTE
620145,7780055,437.5,10,10,5,0.454,0.042,2.601,SHALE
620155,7780055,437.5,10,10,5,0.137,0.013,2.514,WASTE
620165,7780055,437.5,10,10,5,0.187,0.013,2.536,SHALE
620175,7780055,437.5,10,10,5,0.042,0.017,2.545,SHALE
620185,7780055,437.5,10,10,5,0.073,0.016,2.592,WASTE
620195,7780055,437.5,10,10,5,0.058,0.011,2.553,WASTE
620005,7780065,437.5,10,10,5,0.061,0.015,2.481,SHALE
620015,7780065,437.5,10,10,5,0.203,0.015,2.594,WASTE
620025,7780065,437.5,10,10,5,0.112,0.017,2.533,SHALE
620035,7780065,437.5,10,10,5,0.153,0.030,2.601,SHALE
620045,7780065,437.5,10,10,5,0.366,0.030,2.552,SHALE
620055,7780065,437.5,10,10,5,0.450,0.012,2.574,WASTE
620065,7780065,437.5,10,10,5,0.232,0.070,2.557,WASTE
620075,7780065,437.5,10,10,5,-9999,0.034,2.620,SHALE
620085,7780065,437.5,10,10,5,0.441,0.056,2.606,SHALE
620095,7780065,437.5,10,10,5,0.728,0.036,2.548,SHALE
620105,7780065,437.5,10,10,5,0.527,0.033,2.601,SHALE
620115,7780065,437.5,10,10,5,0.374,0.026,2.601,SHALE
620125,7780065,437.5,10,10,5,0.502,0.036,2.578,WASTE
620135,7780065,437.5,10,10,5,0.242,0.016,2.547,SHALE
620145,7780065,437.5,10,10,5,0.781,0.043,2.677,SHALE
620155,7780065,437.5,10,10,5,0.153,0.037,2.592,WASTE
620165,7780065,437.5,10,10,5,0.244,0.033,2.552,SHALE
620175,7780065,437.5,10,10,5,0.200,0.081,2.503,WASTE
620185,7780065,437.5,10,10,5,0.083,0.021,2.602,WASTE
620195,7780065,437.5,10,10,5,0.092,0.013,2.562,WASTE
620005,7780075,437.5,10,10,5,0.107,0.013,2.507,WASTE
620015,7780075,437.5,10,10,5,0.122,0.111,2.432,WASTE
620025,7780075,437.5,10,10,5,0.250,0.011,2.493,WASTE
620035,7780075,437.5,10,10,5,0.454,0.022,2.630,WASTE
620045,7780075,437.5,10,10,5,0.303,0.060,2.528,SHALE
620055,7780075,437.5,10,10,5,0.399,0.034,2.613,SHALE
620065,7780075,437.5,10,10,5,0.572,0.061,2.554,SHALE
620075,7780075,437.5,10,10,5,0.483,0.067,2.646,WASTE
620085,7780075,437.5,10,10,5,0.338,0.070,2.591,SHALE
620095,7780075,437.5,10,10,5,0.917,0.089,2.605,WASTE
620105,7780075,437.5,10,10,5,0.514,0.045,2.639,SHALE
620115,7780075,437.5,10,10,5,0.826,0.058,2.621,WASTE
620125,7780075,437.5,10,10,5,0.271,0.052,2.599,SHALE
620135,7780075,437.5,10,10,5,0.360,0.037,2.576,WASTE
620145,7780075,437.5,10,10,5,0.300,0.080,2.649,WASTE
620155,7780075,437.5,10,10,5,0.267,0.016,2.612,SHALE
620165,7780075,437.5,10,10,5,0.196,0.027,2.497,SHALE
620175,7780075,437.5,10,10,5,0.351,0.036,2.602,WASTE
620185,7780075,437.5,10,10,5,0.044,0.027,2.615,SHALE
620195,7780075,437.5,10,10,5,0.081,0.035,2.532,SHALE
620005,7780085,437.5,10,10,5,0.142,0.018,2.588,WASTE
620015,7780085,437.5,10,10,5,0.135,0.047,2.658,SHALE
620025,7780085,437.5,10,10,5,0.282,0.018,2.595,WASTE
620035,7780085,437.5,10,10,5,0.656,0.017,2.600,SHALE
620045,7780085,437.5,10,10,5,0.402,0.036,2.621,SHALE
620055,7780085,437.5,10,10,5,0.440,0.077,2.641,WASTE
620065,7780085,437.5,10,10,5,0.351,0.049,2.587,SHALE
620075,7780085,437.5,10,10,5,0.349,0.033,2.593,WASTE
620085,7780085,437.5,10,10,5,1.825,0.124,2.575,BIF
620095,7780085,437.5,10,10,5,2.206,0.151,2.596,BIF
620105,7780085,437.5,10,10,5,0.474,0.036,2.572,SHALE
620115,7780085,437.5,10,10,5,1.059,0.041,2.595,BIF
620125,7780085,437.5,10,10,5,0.532,0.075,2.686,WASTE
620135,7780085,437.5,10,10,5,0.707,0.047,2.566,SHALE
620145,7780085,437.5,10,10,5,0.441,0.057,2.588,WASTE
620155,7780085,437.5,10,10,5,0.654,0.056,2.624,WASTE
620165,7780085,437.5,10,10,5,0.241,0.035,2.668,SHALE
620175,7780085,437.5,10,10,5,0.405,0.022,2.494,SHALE
620185,7780085,437.5,10,10,5,0.082,0.008,2.578,WASTE
620195,7780085,437.5,10,10,5,0.075,0.020,2.651,SHALE
620005,7780095,437.5,10,10,5,0.273,0.021,2.550,SHALE
620015,7780095,437.5,10,10,5,0.210,0.056,2.516,WASTE
620025,7780095,437.5,10,10,5,0.619,0.055,2.534,WASTE
620035,7780095,437.5,10,10,5,0.407,0.018,2.530,WASTE
620045,7780095,437.5,10,10,5,0.643,0.029,2.535,WASTE
620055,7780095,437.5,10,10,5,0.497,0.041,2.617,SHALE
620065,7780095,437.5,10,10,5,0.893,0.066,2.667,WASTE
620075,7780095,437.5,10,10,5,0.280,0.048,2.657,WASTE
620085,7780095,437.5,10,10,5,-9999,0.093,2.660,WASTE
620095,7780095,437.5,10,10,5,1.336,0.053,2.628,BIF
620105,7780095,437.5,10,10,5,1.483,0.122,2.647,BIF
620115,7780095,437.5,10,10,5,0.849,0.128,2.580,WASTE
620125,7780095,437.5,10,10,5,1.031,0.047,2.718,BIF
620135,7780095,437.5,10,10,5,0.532,0.041,2.609,WASTE
620145,7780095,437.5,10,10,5,0.231,0.078,2.544,WASTE
620155,7780095,437.5,10,10,5,0.143,0.027,2.601,WASTE
620165,7780095,437.5,10,10,5,0.178,0.014,2.649,WASTE
620175,7780095,437.5,10,10,5,0.243,0.027,2.680,SHALE
620185,7780095,437.5,10,10,5,0.218,0.035,2.557,WASTE
620195,7780095,437.5,10,10,5,0.104,0.019,2.494,WASTE
620005,7780105,437.5,10,10,5,-9999,0.023,2.560,WASTE
620015,7780105,437.5,10,10,5,0.138,0.036,2.546,SHALE
620025,7780105,437.5,10,10,5,0.261,0.027,2.561,SHALE
620035,7780105,437.5,10,10,5,0.372,0.046,2.642,SHALE
620045,7780105,437.5,10,10,5,0.448,0.036,2.603,SHALE
620055,7780105,437.5,10,10,5,0.855,0.172,2.492,SHALE
620065,7780105,437.5,10,10,5,0.385,0.075,2.568,WASTE
620075,7780105,437.5,10,10,5,1.533,0.049,2.665,BIF
620085,7780105,437.5,10,10,5,1.246,0.133,2.592,BIF
620095,7780105,437.5,10,10,5,0.929,0.108,2.672,WASTE
620105,7780105,437.5,10,10,5,1.402,0.269,2.605,BIF
620115,7780105,437.5,10,10,5,0.941,0.067,2.559,SHALE
620125,7780105,437.5,10,10,5,0.746,0.065,2.588,WASTE
620135,7780105,437.5,10,10,5,0.466,0.021,2.633,WASTE
620145,7780105,437.5,10,10,5,0.329,0.046,2.574,SHALE
620155,7780105,437.5,10,10,5,0.855,0.033,2.626,SHALE
620165,7780105,437.5,10,10,5,0.240,0.031,2.492,SHALE
620175,7780105,437.5,10,10,5,0.307,0.023,2.538,SHALE
620185,7780105,437.5,10,10,5,0.208,0.016,2.635,SHALE
620195,7780105,437.5,10,10,5,0.303,0.012,2.636,WASTE
620005,7780115,437.5,10,10,5,0.236,0.038,2.548,SHALE
620015,7780115,437.5,10,10,5,0.098,0.043,2.578,WASTE
620025,7780115,437.5,10,10,5,0.414,0.042,2.547,SHALE
620035,7780115,437.5,10,10,5,0.345,0.020,2.545,WASTE
620045,7780115,437.5,10,10,5,0.736,0.052,2.622,SHALE
620055,7780115,437.5,10,10,5,1.502,0.046,2.557,BIF
620065,7780115,437.5,10,10,5,0.625,0.113,2.610,WASTE
620075,7780115,437.5,10,10,5,1.529,0.067,2.544,BIF
620085,7780115,437.5,10,10,5,0.877,0.229,2.604,SHALE
620095,7780115,437.5,10,10,5,0.903,0.129,2.657,WASTE
620105,7780115,437.5,10,10,5,0.533,0.085,2.646,WASTE
620115,7780115,437.5,10,10,5,0.991,0.048,2.675,WASTE
620125,7780115,437.5,10,10,5,1.767,0.092,2.657,BIF
620135,7780115,437.5,10,10,5,0.757,0.037,2.591,WASTE
620145,7780115,437.5,10,10,5,0.536,0.024,2.653,WASTE
620155,7780115,437.5,10,10,5,0.865,0.069,2.596,WASTE
620165,7780115,437.5,10,10,5,0.459,0.024,2.564,WASTE
620175,7780115,437.5,10,10,5,0.234,0.021,2.471,WASTE
620185,7780115,437.5,10,10,5,0.138,0.029,2.552,SHALE
620195,7780115,437.5,10,10,5,0.094,0.012,2.531,WASTE
620005,7780125,437.5,10,10,5,0.187,0.035,2.557,SHALE
620015,7780125,437.5,10,10,5,0.270,0.037,2.456,WASTE
620025,7780125,437.5,10,10,5,0.206,0.044,2.543,WASTE
620035,7780125,437.5,10,10,5,0.235,0.035,2.561,SHALE
620045,7780125,437.5,10,10,5,0.565,0.057,2.616,WASTE
620055,7780125,437.5,10,10,5,0.804,0.081,2.612,SHALE
620065,7780125,437.5,10,10,5,1.174,0.063,2.542,BIF
620075,7780125,437.5,10,10,5,0.791,0.095,2.621,SHALE
620085,7780125,437.5,10,10,5,0.945,0.135,2.600,WASTE
620095,7780125,437.5,10,10,5,0.578,0.166,2.658,SHALE
620105,7780125,437.5,10,10,5,1.391,0.105,2.604,BIF
620115,7780125,437.5,10,10,5,-9999,0.113,2.592,BIF
620125,7780125,437.5,10,10,5,0.726,0.068,2.598,WASTE
620135,7780125,437.5,10,10,5,0.638,0.092,2.568,WASTE
620145,7780125,437.5,10,10,5,0.957,0.038,2.556,SHALE
620155,7780125,437.5,10,10,5,0.407,0.036,2.608,SHALE
620165,7780125,437.5,10,10,5,0.388,0.039,2.578,SHALE
620175,7780125,437.5,10,10,5,0.307,0.055,2.528,WASTE
620185,7780125,437.5,10,10,5,0.278,0.060,2.565,SHALE
620195,7780125,437.5,10,10,5,0.116,0.034,2.546,SHALE
620005,7780135,437.5,10,10,5,0.286,0.019,2.631,WASTE
620015,7780135,437.5,10,10,5,0.098,0.018,2.528,WASTE
620025,7780135,437.5,10,10,5,0.477,0.018,2.502,SHALE
620035,7780135,437.5,10,10,5,0.218,0.022,2.636,WASTE
620045,7780135,437.5,10,10,5,0.463,0.048,2.599,SHALE
620055,7780135,437.5,10,10,5,0.876,0.024,2.564,WASTE
620065,7780135,437.5,10,10,5,0.355,0.040,2.562,WASTE
620075,7780135,437.5,10,10,5,1.060,0.056,2.660,BIF
620085,7780135,437.5,10,10,5,0.763,0.160,2.604,SHALE
620095,7780135,437.5,10,10,5,0.629,0.133,2.619,WASTE
620105,7780135,437.5,10,10,5,0.669,0.066,2.626,WASTE
620115,7780135,437.5,10,10,5,1.099,0.066,2.644,BIF
620125,7780135,437.5,10,10,5,1.497,0.045,2.555,BIF
620135,7780135,437.5,10,10,5,0.987,0.059,2.680,SHALE
620145,7780135,437.5,10,10,5,0.823,0.023,2.629,WASTE
620155,7780135,437.5,10,10,5,0.220,0.026,2.655,WASTE
620165,7780135,437.5,10,10,5,0.193,0.035,2.490,SHALE
620175,7780135,437.5,10,10,5,0.226,0.013,2.573,WASTE
620185,7780135,437.5,10,10,5,0.105,0.071,2.530,WASTE
620195,7780135,437.5,10,10,5,0.097,0.020,2.579,SHALE
620005,7780145,437.5,10,10,5,0.106,0.013,2.513,WASTE
620015,7780145,437.5,10,10,5,0.437,0.011,2.555,WASTE
620025,7780145,437.5,10,10,5,0.406,0.053,2.671,WASTE
620035,7780145,437.5,10,10,5,0.726,0.084,2.600,SHALE
620045,7780145,437.5,10,10,5,0.436,0.019,2.692,SHALE
620055,7780145,437.5,10,10,5,0.225,0.087,2.513,WASTE
620065,7780145,437.5,10,10,5,0.944,0.039,2.530,WASTE
620075,7780145,437.5,10,10,5,0.910,0.104,2.750,SHALE
620085,7780145,437.5,10,10,5,0.948,0.076,2.553,WASTE
620095,7780145,437.5,10,10,5,1.486,0.042,2.638,BIF
620105,7780145,437.5,10,10,5,0.527,0.077,2.606,WASTE
620115,7780145,437.5,10,10,5,1.340,0.091,2.789,BIF
620125,7780145,437.5,10,10,5,1.692,0.112,2.555,BIF
620135,7780145,437.5,10,10,5,0.605,0.051,2.610,WASTE
620145,7780145,437.5,10,10,5,0.363,0.025,2.593,SHALE
620155,7780145,437.5,10,10,5,0.433,0.025,2.587,WASTE
620165,7780145,437.5,10,10,5,0.179,0.025,2.483,SHALE
620175,7780145,437.5,10,10,5,0.184,0.066,2.598,WASTE
620185,7780145,437.5,10,10,5,0.111,0.012,2.646,SHALE
620195,7780145,437.5,10,10,5,0.057,0.033,2.596,SHALE
620005,7780155,437.5,10,10,5,0.080,0.028,2.516,SHALE
620015,7780155,437.5,10,10,5,0.420,0.026,2.470,SHALE
620025,7780155,437.5,10,10,5,0.178,0.052,2.516,SHALE
620035,7780155,437.5,10,10,5,0.306,0.045,2.575,SHALE
620045,7780155,437.5,10,10,5,0.260,0.046,2.512,WASTE
620055,7780155,437.5,10,10,5,0.675,0.027,2.593,WASTE
620065,7780155,437.5,10,10,5,0.418,0.026,2.559,SHALE
620075,7780155,437.5,10,10,5,0.455,0.023,2.541,WASTE
620085,7780155,437.5,10,10,5,0.677,0.070,2.622,SHALE
620095,7780155,437.5,10,10,5,0.812,0.068,2.625,SHALE
620105,7780155,437.5,10,10,5,0.910,0.041,2.570,WASTE
620115,7780155,437.5,10,10,5,1.181,0.070,2.589,BIF
620125,7780155,437.5,10,10,5,1.303,0.041,2.634,BIF
620135,7780155,437.5,10,10,5,0.293,0.033,2.555,SHALE
620145,7780155,437.5,10,10,5,0.324,0.027,2.623,WASTE
620155,7780155,437.5,10,10,5,0.614,0.022,2.605,SHALE
620165,7780155,437.5,10,10,5,0.246,0.015,2.521,SHALE
620175,7780155,437.5,10,10,5,0.170,0.008,2.549,SHALE
620185,7780155,437.5,10,10,5,0.121,0.056,2.607,SHALE
620195,7780155,437.5,10,10,5,0.051,0.016,2.461,WASTE
620005,7780165,437.5,10,10,5,0.136,0.030,2.556,WASTE
620015,7780165,437.5,10,10,5,0.140,0.009,2.517,WASTE
620025,7780165,437.5,10,10,5,0.351,0.018,2.591,WASTE
620035,7780165,437.5,10,10,5,0.596,0.043,2.606,WASTE
620045,7780165,437.5,10,10,5,0.357,0.011,2.554,WASTE
620055,7780165,437.5,10,10,5,-9999,0.032,2.597,SHALE
620065,7780165,437.5,10,10,5,0.757,0.033,2.553,SHALE
620075,7780165,437.5,10,10,5,0.587,0.112,2.582,WASTE
620085,7780165,437.5,10,10,5,0.385,0.033,2.639,WASTE
620095,7780165,437.5,10,10,5,0.526,0.025,2.664,WASTE
620105,7780165,437.5,10,10,5,0.335,0.069,2.589,SHALE
620115,7780165,437.5,10,10,5,0.953,0.013,2.603,WASTE
620125,7780165,437.5,10,10,5,1.230,0.036,2.646,BIF
620135,7780165,437.5,10,10,5,0.286,0.049,2.507,SHALE
620145,7780165,437.5,10,10,5,-9999,0.011,2.486,WASTE
620155,7780165,437.5,10,10,5,0.259,0.030,2.528,SHALE
620165,7780165,437.5,10,10,5,0.190,0.019,2.506,SHALE
620175,7780165,437.5,10,10,5,0.133,0.027,2.484,WASTE
620185,7780165,437.5,10,10,5,0.118,0.014,2.611,WASTE
620195,7780165,437.5,10,10,5,0.061,0.018,2.594,SHALE
620005,7780175,437.5,10,10,5,-9999,0.020,2.590,WASTE
620015,7780175,437.5,10,10,5,0.126,0.013,2.592,SHALE
620025,7780175,437.5,10,10,5,0.282,0.024,2.592,WASTE
620035,7780175,437.5,10,10,5,0.143,0.013,2.572,WASTE
620045,7780175,437.5,10,10,5,0.087,0.026,2.626,WASTE
620055,7780175,437.5,10,10,5,0.312,0.021,2.615,SHALE
620065,7780175,437.5,10,10,5,0.211,0.014,2.647,WASTE
620075,7780175,437.5,10,10,5,0.607,0.067,2.615,SHALE
620085,7780175,437.5,10,10,5,0.386,0.039,2.587,WASTE
620095,7780175,437.5,10,10,5,0.417,0.034,2.658,WASTE
620105,7780175,437.5,10,10,5,0.433,0.031,2.605,WASTE
620115,7780175,437.5,10,10,5,-9999,0.042,2.613,WASTE
620125,7780175,437.5,10,10,5,0.559,0.021,2.595,WASTE
620135,7780175,437.5,10,10,5,0.361,0.030,2.627,WASTE
620145,7780175,437.5,10,10,5,0.266,0.014,2.586,WASTE
620155,7780175,437.5,10,10,5,0.162,0.020,2.546,WASTE
620165,7780175,437.5,10,10,5,0.118,0.035,2.577,SHALE
620175,7780175,437.5,10,10,5,0.096,0.012,2.529,WASTE
620185,7780175,437.5,10,10,5,0.075,0.008,2.576,WASTE
620195,7780175,437.5,10,10,5,0.079,0.020,2.482,SHALE
620005,7780185,437.5,10,10,5,0.126,0.047,2.527,WASTE
620015,7780185,437.5,10,10,5,0.141,0.022,2.539,WASTE
620025,7780185,437.5,10,10,5,-9999,0.012,2.574,SHALE
620035,7780185,437.5,10,10,5,0.229,0.015,2.570,WASTE
620045,7780185,437.5,10,10,5,0.151,0.030,2.557,WASTE
620055,7780185,437.5,10,10,5,0.314,0.016,2.590,WASTE
620065,7780185,437.5,10,10,5,0.175,0.025,2.648,SHALE
620075,7780185,437.5,10,10,5,0.159,0.025,2.582,WASTE
620085,7780185,437.5,10,10,5,0.235,0.037,2.498,SHALE
620095,7780185,437.5,10,10,5,0.308,0.026,2.566,SHALE
620105,7780185,437.5,10,10,5,0.262,0.077,2.647,WASTE
620115,7780185,437.5,10,10,5,0.574,0.023,2.597,WASTE
620125,7780185,437.5,10,10,5,0.188,0.024,2.625,WASTE
620135,7780185,437.5,10,10,5,0.109,0.021,2.540,WASTE
620145,7780185,437.5,10,10,5,0.270,0.026,2.538,WASTE
620155,7780185,437.5,10,10,5,0.244,0.031,2.645,SHALE
620165,7780185,437.5,10,10,5,0.035,0.038,2.497,SHALE
620175,7780185,437.5,10,10,5,0.226,0.026,2.558,SHALE
620185,7780185,437.5,10,10,5,0.071,0.014,2.596,WASTE
620195,7780185,437.5,10,10,5,0.039,0.016,2.557,SHALE
620005,7780195,437.5,10,10,5,0.072,0.025,2.547,WASTE
620015,7780195,437.5,10,10,5,0.072,0.009,2.474,SHALE
620025,7780195,437.5,10,10,5,0.093,0.033,2.610,SHALE
620035,7780195,437.5,10,10,5,0.294,0.018,2.498,SHALE
620045,7780195,437.5,10,10,5,0.245,0.023,2.492,WASTE
620055,7780195,437.5,10,10,5,0.125,0.009,2.545,WASTE
620065,7780195,437.5,10,10,5,0.107,0.020,2.637,SHALE
620075,7780195,437.5,10,10,5,0.151,0.031,2.601,WASTE
620085,7780195,437.5,10,10,5,0.220,0.027,2.371,SHALE
620095,7780195,437.5,10,10,5,0.259,0.057,2.479,WASTE
620105,7780195,437.5,10,10,5,0.151,0.051,2.574,SHALE
620115,7780195,437.5,10,10,5,0.122,0.036,2.604,SHALE
620125,7780195,437.5,10,10,5,0.291,0.044,2.579,WASTE
620135,7780195,437.5,10,10,5,0.092,0.022,2.613,SHALE
620145,7780195,437.5,10,10,5,0.134,0.012,2.519,SHALE
620155,7780195,437.5,10,10,5,0.114,0.056,2.520,SHALE
620165,7780195,437.5,10,10,5,0.037,0.010,2.565,SHALE
620175,7780195,437.5,10,10,5,0.080,0.022,2.592,WASTE
620185,7780195,437.5,10,10,5,0.078,0.009,2.618,WASTE
620195,7780195,437.5,10,10,5,0.047,0.016,2.541,WASTE
